"species","variable_region","copy_num","seq_id","sequence"
"species_01","V1",1,"V1d","CCCGAGAAAACAACCCATGATGCCCCGTTTCTAGCATTAGTCCGGCCTTCCACCCCAGGGCGGTCTGGATATTTAGCTGAATCATTTAA"
"species_01","V1",2,"V1b","CCCGAGAAAACAACCCATGATGCCCCGTTTCTAGCATTAGTCCGGCCTTCCACCCCAGGTCGGTCTGGATATATAGCTGAATCATTTAA"
"species_01","V1",3,"V1b","CCCGAGAAAACAACCCATGATGCCCCGTTTCTAGCATTAGTCCGGCCTTCCACCCCAGGTCGGTCTGGATATATAGCTGAATCATTTAA"
"species_02","V1",1,"V1b","CCCGAGAAAACAACCCATGATGCCCCGTTTCTAGCATTAGTCCGGCCTTCCACCCCAGGTCGGTCTGGATATATAGCTGAATCATTTAA"
"species_02","V1",2,"V1b","CCCGAGAAAACAACCCATGATGCCCCGTTTCTAGCATTAGTCCGGCCTTCCACCCCAGGTCGGTCTGGATATATAGCTGAATCATTTAA"
"species_02","V1",3,"V1b","CCCGAGAAAACAACCCATGATGCCCCGTTTCTAGCATTAGTCCGGCCTTCCACCCCAGGTCGGTCTGGATATATAGCTGAATCATTTAA"
"species_02","V1",4,"V1b","CCCGAGAAAACAACCCATGATGCCCCGTTTCTAGCATTAGTCCGGCCTTCCACCCCAGGTCGGTCTGGATATATAGCTGAATCATTTAA"
"species_02","V1",5,"V1b","CCCGAGAAAACAACCCATGATGCCCCGTTTCTAGCATTAGTCCGGCCTTCCACCCCAGGTCGGTCTGGATATATAGCTGAATCATTTAA"
"species_03","V1",1,"V1a","CCCGAGAAAACAACCCATGATGCCCCGTTTCTAGCATTAGTCCGGCCTTCCACCCCAGGTCGGTCTGGATGTATAGCTGAATCATTTAA"
"species_03","V1",2,"V1a","CCCGAGAAAACAACCCATGATGCCCCGTTTCTAGCATTAGTCCGGCCTTCCACCCCAGGTCGGTCTGGATGTATAGCTGAATCATTTAA"
"species_03","V1",3,"V1d","CCCGAGAAAACAACCCATGATGCCCCGTTTCTAGCATTAGTGCGGCCTTCCACCCCAGATCGGTCTGGATGTATAGCTGAATCATTTAA"
"species_03","V1",4,"V1a","CCCGAGAAAACAACCCATGATGCCCCGTTTCTAGCATTAGTCCGGCCTTCCACCCCAGGTCGGTCTGGATGTATAGCTGAATCATTTAA"
"species_03","V1",5,"V1d","CCCGAGAAAACAACCCATGATGCCCCGTTACTAGCATTAGTCCGGCCTTCCACCCGAGGTCGGTCTGGATGTATAGCTGAATCATTTAA"
"species_03","V1",6,"V1a","CCCGAGAAAACAACCCATGATGCCCCGTTTCTAGCATTAGTCCGGCCTTCCACCCCAGGTCGGTCTGGATGTATAGCTGAATCATTTAA"
"species_04","V1",1,"V1a","CCCGAGAAAACAACCCATGATGCCCCGTTTCTAGCATTAGTCCGGCCTTCCACCCCAGGTCGGTCTGGATGTATAGCTGAATCATTTAA"
"species_04","V1",2,"V1a","CCCGAGAAAACAACCCATGATGCCCCGTTTCTAGCATTAGTCCGGCCTTCCACCCCAGGTCGGTCTGGATGTATAGCTGAATCATTTAA"
"species_04","V1",3,"V1a","CCCGAGAAAACAACCCATGATGCCCCGTTTCTAGCATTAGTCCGGCCTTCCACCCCAGGTCGGTCTGGATGTATAGCTGAATCATTTAA"
"species_04","V1",4,"V1a","CCCGAGAAAACAACCCATGATGCCCCGTTTCTAGCATTAGTCCGGCCTTCCACCCCAGGTCGGTCTGGATGTATAGCTGAATCATTTAA"
"species_04","V1",5,"V1d","CCCGAGAAAACAACCCATGATGGCCCGTGTCTAGCATTAGTCCGGCCTTCCACCCCAGGTCGGTCTGGATGGATAGCTGAATCATTTAA"
"species_04","V1",6,"V1a","CCCGAGAAAACAACCCATGATGCCCCGTTTCTAGCATTAGTCCGGCCTTCCACCCCAGGTCGGTCTGGATGTATAGCTGAATCATTTAA"
"species_05","V1",1,"V1d","CCGGAGAAAACAACCCATGATGCCCCGTTTCTAGGATTAGTGCGGCCGTCCACCCCAGGTCGGTCTGGATATATAGCTGAATCATTTAA"
"species_05","V1",2,"V1c","CCCGAGAAAACAACCCATGATGCCCCGTTTCTAGCATTAGTACGGCCTTCCACCCCAGGTCGGTCTGGATATATAGCTGAATCATTTAA"
"species_05","V1",3,"V1c","CCCGAGAAAACAACCCATGATGCCCCGTTTCTAGCATTAGTACGGCCTTCCACCCCAGGTCGGTCTGGATATATAGCTGAATCATTTAA"
"species_05","V1",4,"V1c","CCCGAGAAAACAACCCATGATGCCCCGTTTCTAGCATTAGTACGGCCTTCCACCCCAGGTCGGTCTGGATATATAGCTGAATCATTTAA"
"species_05","V1",5,"V1c","CCCGAGAAAACAACCCATGATGCCCCGTTTCTAGCATTAGTACGGCCTTCCACCCCAGGTCGGTCTGGATATATAGCTGAATCATTTAA"
"species_06","V1",1,"V1d","CCCGAGAAAACAACCCATCATGCCCCGTTTCTAGCATTAGTACGGCCTTCCACCCCAGATCGGTCTGGATAAATAGCTGAATCATTTAA"
"species_06","V1",2,"V1c","CCCGAGAAAACAACCCATGATGCCCCGTTTCTAGCATTAGTACGGCCTTCCACCCCAGGTCGGTCTGGATATATAGCTGAATCATTTAA"
"species_06","V1",3,"V1c","CCCGAGAAAACAACCCATGATGCCCCGTTTCTAGCATTAGTACGGCCTTCCACCCCAGGTCGGTCTGGATATATAGCTGAATCATTTAA"
"species_07","V1",1,"V1b","CCCGAGAAAACAACCCATGATGCCCCGTTTCTAGCATTAGTCCGGCCTTCCACCCCAGGTCGGTCTGGATATATAGCTGAATCATTTAA"
"species_07","V1",2,"V1b","CCCGAGAAAACAACCCATGATGCCCCGTTTCTAGCATTAGTCCGGCCTTCCACCCCAGGTCGGTCTGGATATATAGCTGAATCATTTAA"
"species_07","V1",3,"V1b","CCCGAGAAAACAACCCATGATGCCCCGTTTCTAGCATTAGTCCGGCCTTCCACCCCAGGTCGGTCTGGATATATAGCTGAATCATTTAA"
"species_07","V1",4,"V1b","CCCGAGAAAACAACCCATGATGCCCCGTTTCTAGCATTAGTCCGGCCTTCCACCCCAGGTCGGTCTGGATATATAGCTGAATCATTTAA"
"species_08","V1",1,"V1a","CCCGAGAAAACAACCCATGATGCCCCGTTTCTAGCATTAGTCCGGCCTTCCACCCCAGGTCGGTCTGGATGTATAGCTGAATCATTTAA"
"species_08","V1",2,"V1a","CCCGAGAAAACAACCCATGATGCCCCGTTTCTAGCATTAGTCCGGCCTTCCACCCCAGGTCGGTCTGGATGTATAGCTGAATCATTTAA"
"species_08","V1",3,"V1a","CCCGAGAAAACAACCCATGATGCCCCGTTTCTAGCATTAGTCCGGCCTTCCACCCCAGGTCGGTCTGGATGTATAGCTGAATCATTTAA"
"species_01","V2",1,"V2a","AGCAAGGGCCCTGTCCTGGTGACCAGGCGCATCTATGGTATCTAGCGGAACCCTTAAACAGCGGCGGTAATCTCACGGGGGTATGATGTCTATGATCACCCGACGGGGCGAGTTACTCTCGTAATAGGAATCCTCTTGCATGTACATGAAGTGATTAAAATAATCCCATAACCCTCCACTCCTCTAATTGTTACTAAGAGACCCTGAGAA"
"species_01","V2",2,"V2a","AGCAAGGGCCCTGTCCTGGTGACCAGGCGCATCTATGGTATCTAGCGGAACCCTTAAACAGCGGCGGTAATCTCACGGGGGTATGATGTCTATGATCACCCGACGGGGCGAGTTACTCTCGTAATAGGAATCCTCTTGCATGTACATGAAGTGATTAAAATAATCCCATAACCCTCCACTCCTCTAATTGTTACTAAGAGACCCTGAGAA"
"species_01","V2",3,"V2a","AGCAAGGGCCCTGTCCTGGTGACCAGGCGCATCTATGGTATCTAGCGGAACCCTTAAACAGCGGCGGTAATCTCACGGGGGTATGATGTCTATGATCACCCGACGGGGCGAGTTACTCTCGTAATAGGAATCCTCTTGCATGTACATGAAGTGATTAAAATAATCCCATAACCCTCCACTCCTCTAATTGTTACTAAGAGACCCTGAGAA"
"species_02","V2",1,"V2a","AGCAAGGGCCCTGTCCTGGTGACCAGGCGCATCTATGGTATCTAGCGGAACCCTTAAACAGCGGCGGTAATCTCACGGGGGTATGATGTCTATGATCACCCGACGGGGCGAGTTACTCTCGTAATAGGAATCCTCTTGCATGTACATGAAGTGATTAAAATAATCCCATAACCCTCCACTCCTCTAATTGTTACTAAGAGACCCTGAGAA"
"species_02","V2",2,"V2b","AGCAAGGGCACTGTCCTGGTGCCCAGGCGCATCTATGGTATCGAGCGGAACCCTTAAACAGCGGCGGTAATCTCACGGGGGTATGATGTCTATGATCACCCGACGGGGCGAGTTACTCTCGTAATAGGAATCCTCTTGCATGTACATGAAGTGATTAAAATAATCCCATAACCATCCACTCCTCTAATTGTTACTAAGAGACCCTGAGAA"
"species_02","V2",3,"V2a","AGCAAGGGCCCTGTCCTGGTGACCAGGCGCATCTATGGTATCTAGCGGAACCCTTAAACAGCGGCGGTAATCTCACGGGGGTATGATGTCTATGATCACCCGACGGGGCGAGTTACTCTCGTAATAGGAATCCTCTTGCATGTACATGAAGTGATTAAAATAATCCCATAACCCTCCACTCCTCTAATTGTTACTAAGAGACCCTGAGAA"
"species_02","V2",4,"V2d","AGCAAGGGCCCTGTCCTGGTGACCAGGCGCATCTATGGTATCTAGCGGAACCCTTAAACAGCCGCGGTAATCTCACGGGGGTATGATGTCAATGATCACCCGACGGGGCAAGTTACTCTCGTAATAGGAATCCTCTTGCATGTACATGAAGTGATTAAAATAATCCCATAACCCTACACTCCTCTAATTGTTACTAAGAGACCCTGAGAA"
"species_02","V2",5,"V2d","AGCAAGGGCCCTGTGCTGGTGACCAGGCGCATCTATGGTATCTAGCGGAACCCTTAAACAGCGCCGGTAATCTCACGGGGGTATGATGTCTATGATCACCCGACGGGGCTAGTTACTCTCGTAATAGGAATCCTCTTGCATGTACATGAAGTGATTAAAATAATCCCATAACCCTCCACTCCTCTAATTGTTACTAAGAGACCCTGAGAA"
"species_03","V2",1,"V2d","AGCAAGGGCCCTGTCCTGGTGACCAGGCGCATCTTTGGTATCTAGCGGAACCCTTAAACAGCGGCGGTAATCTCACGGGGGTATGATGTCTATGAGCACCCGACGGGGCGAGTTACTCTCGTAATAGGAATCCTCTTGCATGTACATGAAGTGATTAAAATAATCCCATAACCCTCCACTCCTCTAATTGTTGCTAAGAGACCCTGAGAA"
"species_03","V2",2,"V2c","AGCAAGGGCCCCGTCCTGGTGACCAGGCGTATCTATGGTATCTAGCGGAACCCTTAAACAGCGGCGGTAATCTCACGGGGGTATGATGTCGATGATCACCCGACGGGGCGAGTTACTCTCGTAATAGGAATCCTCTTACATGTACATGAAGTGATTAAAATAATCCCATAACCCTCCACTCCTCTAATTGTTACTAAGAGACCCTGAGAC"
"species_03","V2",3,"V2a","AGCAAGGGCCCTGTCCTGGTGACCAGGCGCATCTATGGTATCTAGCGGAACCCTTAAACAGCGGCGGTAATCTCACGGGGGTATGATGTCTATGATCACCCGACGGGGCGAGTTACTCTCGTAATAGGAATCCTCTTGCATGTACATGAAGTGATTAAAATAATCCCATAACCCTCCACTCCTCTAATTGTTACTAAGAGACCCTGAGAA"
"species_03","V2",4,"V2a","AGCAAGGGCCCTGTCCTGGTGACCAGGCGCATCTATGGTATCTAGCGGAACCCTTAAACAGCGGCGGTAATCTCACGGGGGTATGATGTCTATGATCACCCGACGGGGCGAGTTACTCTCGTAATAGGAATCCTCTTGCATGTACATGAAGTGATTAAAATAATCCCATAACCCTCCACTCCTCTAATTGTTACTAAGAGACCCTGAGAA"
"species_03","V2",5,"V2a","AGCAAGGGCCCTGTCCTGGTGACCAGGCGCATCTATGGTATCTAGCGGAACCCTTAAACAGCGGCGGTAATCTCACGGGGGTATGATGTCTATGATCACCCGACGGGGCGAGTTACTCTCGTAATAGGAATCCTCTTGCATGTACATGAAGTGATTAAAATAATCCCATAACCCTCCACTCCTCTAATTGTTACTAAGAGACCCTGAGAA"
"species_03","V2",6,"V2a","AGCAAGGGCCCTGTCCTGGTGACCAGGCGCATCTATGGTATCTAGCGGAACCCTTAAACAGCGGCGGTAATCTCACGGGGGTATGATGTCTATGATCACCCGACGGGGCGAGTTACTCTCGTAATAGGAATCCTCTTGCATGTACATGAAGTGATTAAAATAATCCCATAACCCTCCACTCCTCTAATTGTTACTAAGAGACCCTGAGAA"
"species_04","V2",1,"V2d","AGCAAGGGCCCTGTCCTGGTGACCAGGCGCATCTATGGTATCTAGCGCAACCCTTAAACAGCGGCGGTAATCTCACGGGGGTATGATGTCTATGATCACCCGACGGGGCGAGTTACTCTCGTAATAGGAATCCTCTTGCATGTACATGAAGTGATTAAAATAATCCCATAACCCTCCGCTCCTCTAATTGTTAGTAAGAGACCCTGAGAA"
"species_04","V2",2,"V2a","AGCAAGGGCCCTGTCCTGGTGACCAGGCGCATCTATGGTATCTAGCGGAACCCTTAAACAGCGGCGGTAATCTCACGGGGGTATGATGTCTATGATCACCCGACGGGGCGAGTTACTCTCGTAATAGGAATCCTCTTGCATGTACATGAAGTGATTAAAATAATCCCATAACCCTCCACTCCTCTAATTGTTACTAAGAGACCCTGAGAA"
"species_04","V2",3,"V2a","AGCAAGGGCCCTGTCCTGGTGACCAGGCGCATCTATGGTATCTAGCGGAACCCTTAAACAGCGGCGGTAATCTCACGGGGGTATGATGTCTATGATCACCCGACGGGGCGAGTTACTCTCGTAATAGGAATCCTCTTGCATGTACATGAAGTGATTAAAATAATCCCATAACCCTCCACTCCTCTAATTGTTACTAAGAGACCCTGAGAA"
"species_04","V2",4,"V2a","AGCAAGGGCCCTGTCCTGGTGACCAGGCGCATCTATGGTATCTAGCGGAACCCTTAAACAGCGGCGGTAATCTCACGGGGGTATGATGTCTATGATCACCCGACGGGGCGAGTTACTCTCGTAATAGGAATCCTCTTGCATGTACATGAAGTGATTAAAATAATCCCATAACCCTCCACTCCTCTAATTGTTACTAAGAGACCCTGAGAA"
"species_04","V2",5,"V2a","AGCAAGGGCCCTGTCCTGGTGACCAGGCGCATCTATGGTATCTAGCGGAACCCTTAAACAGCGGCGGTAATCTCACGGGGGTATGATGTCTATGATCACCCGACGGGGCGAGTTACTCTCGTAATAGGAATCCTCTTGCATGTACATGAAGTGATTAAAATAATCCCATAACCCTCCACTCCTCTAATTGTTACTAAGAGACCCTGAGAA"
"species_04","V2",6,"V2a","AGCAAGGGCCCTGTCCTGGTGACCAGGCGCATCTATGGTATCTAGCGGAACCCTTAAACAGCGGCGGTAATCTCACGGGGGTATGATGTCTATGATCACCCGACGGGGCGAGTTACTCTCGTAATAGGAATCCTCTTGCATGTACATGAAGTGATTAAAATAATCCCATAACCCTCCACTCCTCTAATTGTTACTAAGAGACCCTGAGAA"
"species_05","V2",1,"V2d","AGCAAGGGCCCTGTCCTGGTGACCAGGCGCATCTATTGTATCTAGCGGAACCCTTAAACAGCGGCGGTAATCTCAGGGGGGTATGATGTCTATGATCACCCGACGGGGCGAGTTACTCTCGTAATAGGAATCCTCTTGCATGTACATGAAGTGATTAAAATAATCCCATAATCCTCCACTTCTCTTATTGTTACTAAGAGACCCTGAGAA"
"species_05","V2",2,"V2a","AGCAAGGGCCCTGTCCTGGTGACCAGGCGCATCTATGGTATCTAGCGGAACCCTTAAACAGCGGCGGTAATCTCACGGGGGTATGATGTCTATGATCACCCGACGGGGCGAGTTACTCTCGTAATAGGAATCCTCTTGCATGTACATGAAGTGATTAAAATAATCCCATAACCCTCCACTCCTCTAATTGTTACTAAGAGACCCTGAGAA"
"species_05","V2",3,"V2d","AGCAAGGGCCCTGTCCTGGTGACCAGGCGCATCTATGGTATCTAGCGCAACCCTTAAACAGCGGCGGTAATCTCACGGGGGTATGATGTCTATGATAACCCGACGGGGCGAGTTACTCTCGTAATAGGAATCCTCTTGCATGTACATGAAGTGATTAAAATAATCCCATAACACTCCACTCCTCTAATTGTTACTAAGAGACCCTGAGAA"
"species_05","V2",4,"V2a","AGCAAGGGCCCTGTCCTGGTGACCAGGCGCATCTATGGTATCTAGCGGAACCCTTAAACAGCGGCGGTAATCTCACGGGGGTATGATGTCTATGATCACCCGACGGGGCGAGTTACTCTCGTAATAGGAATCCTCTTGCATGTACATGAAGTGATTAAAATAATCCCATAACCCTCCACTCCTCTAATTGTTACTAAGAGACCCTGAGAA"
"species_05","V2",5,"V2d","AGCAAGGGCCCTGTCCTGGTGACCAGGCGCATCTATGGTATCTAGCGGAACCCTTAAACAGCGGCGGTAATCTCACGGGGGTATGATGTCTATGATCACCCGACGGGGCGAGTTACTCTCGTAATAGGAATCCTCTTGCATGTACATGATGTGATTAAAATAATCCCATAACCCTCCACTCCTCTAATTGATACTAAGAGACCCTGAGAA"
"species_06","V2",1,"V2a","AGCAAGGGCCCTGTCCTGGTGACCAGGCGCATCTATGGTATCTAGCGGAACCCTTAAACAGCGGCGGTAATCTCACGGGGGTATGATGTCTATGATCACCCGACGGGGCGAGTTACTCTCGTAATAGGAATCCTCTTGCATGTACATGAAGTGATTAAAATAATCCCATAACCCTCCACTCCTCTAATTGTTACTAAGAGACCCTGAGAA"
"species_06","V2",2,"V2a","AGCAAGGGCCCTGTCCTGGTGACCAGGCGCATCTATGGTATCTAGCGGAACCCTTAAACAGCGGCGGTAATCTCACGGGGGTATGATGTCTATGATCACCCGACGGGGCGAGTTACTCTCGTAATAGGAATCCTCTTGCATGTACATGAAGTGATTAAAATAATCCCATAACCCTCCACTCCTCTAATTGTTACTAAGAGACCCTGAGAA"
"species_06","V2",3,"V2a","AGCAAGGGCCCTGTCCTGGTGACCAGGCGCATCTATGGTATCTAGCGGAACCCTTAAACAGCGGCGGTAATCTCACGGGGGTATGATGTCTATGATCACCCGACGGGGCGAGTTACTCTCGTAATAGGAATCCTCTTGCATGTACATGAAGTGATTAAAATAATCCCATAACCCTCCACTCCTCTAATTGTTACTAAGAGACCCTGAGAA"
"species_07","V2",1,"V2a","AGCAAGGGCCCTGTCCTGGTGACCAGGCGCATCTATGGTATCTAGCGGAACCCTTAAACAGCGGCGGTAATCTCACGGGGGTATGATGTCTATGATCACCCGACGGGGCGAGTTACTCTCGTAATAGGAATCCTCTTGCATGTACATGAAGTGATTAAAATAATCCCATAACCCTCCACTCCTCTAATTGTTACTAAGAGACCCTGAGAA"
"species_07","V2",2,"V2a","AGCAAGGGCCCTGTCCTGGTGACCAGGCGCATCTATGGTATCTAGCGGAACCCTTAAACAGCGGCGGTAATCTCACGGGGGTATGATGTCTATGATCACCCGACGGGGCGAGTTACTCTCGTAATAGGAATCCTCTTGCATGTACATGAAGTGATTAAAATAATCCCATAACCCTCCACTCCTCTAATTGTTACTAAGAGACCCTGAGAA"
"species_07","V2",3,"V2d","AGCAAGGGTCCTGTCCTGGTGACCAGGCGCATCTATGGTATCTAGCGGAACCCTTAAACAGCGGCGGTAATCTCACGGGGGTATGATGTCTATGATCACCCGACGGGGCGAGTTACTCTCGTAATAGCAATCCTCTTGCATGTACATGAAGCGATTAAAATAATCCCATAACCCTCCACTCCTCTAATTGTTACTAAGAGACCCGGAGAA"
"species_07","V2",4,"V2a","AGCAAGGGCCCTGTCCTGGTGACCAGGCGCATCTATGGTATCTAGCGGAACCCTTAAACAGCGGCGGTAATCTCACGGGGGTATGATGTCTATGATCACCCGACGGGGCGAGTTACTCTCGTAATAGGAATCCTCTTGCATGTACATGAAGTGATTAAAATAATCCCATAACCCTCCACTCCTCTAATTGTTACTAAGAGACCCTGAGAA"
"species_08","V2",1,"V2a","AGCAAGGGCCCTGTCCTGGTGACCAGGCGCATCTATGGTATCTAGCGGAACCCTTAAACAGCGGCGGTAATCTCACGGGGGTATGATGTCTATGATCACCCGACGGGGCGAGTTACTCTCGTAATAGGAATCCTCTTGCATGTACATGAAGTGATTAAAATAATCCCATAACCCTCCACTCCTCTAATTGTTACTAAGAGACCCTGAGAA"
"species_08","V2",2,"V2a","AGCAAGGGCCCTGTCCTGGTGACCAGGCGCATCTATGGTATCTAGCGGAACCCTTAAACAGCGGCGGTAATCTCACGGGGGTATGATGTCTATGATCACCCGACGGGGCGAGTTACTCTCGTAATAGGAATCCTCTTGCATGTACATGAAGTGATTAAAATAATCCCATAACCCTCCACTCCTCTAATTGTTACTAAGAGACCCTGAGAA"
"species_08","V2",3,"V2a","AGCAAGGGCCCTGTCCTGGTGACCAGGCGCATCTATGGTATCTAGCGGAACCCTTAAACAGCGGCGGTAATCTCACGGGGGTATGATGTCTATGATCACCCGACGGGGCGAGTTACTCTCGTAATAGGAATCCTCTTGCATGTACATGAAGTGATTAAAATAATCCCATAACCCTCCACTCCTCTAATTGTTACTAAGAGACCCTGAGAA"
"species_01","V3",1,"V3a","AGAGCATTGGTTCTAGCTTATCGTATTCCCAATTAACATATGCGAGCATTATCGGGGCTATCAAGCTGGGCCAGTGATCAGGAACAAGCGTTAGAGGCATTCAAGCCTGAAGCAGGAGCATCCTTCTTACATAACCAGCTTGGGATTGTATATTACACTGAGAAGTAGGGTCAACGTGCTG"
"species_01","V3",2,"V3a","AGAGCATTGGTTCTAGCTTATCGTATTCCCAATTAACATATGCGAGCATTATCGGGGCTATCAAGCTGGGCCAGTGATCAGGAACAAGCGTTAGAGGCATTCAAGCCTGAAGCAGGAGCATCCTTCTTACATAACCAGCTTGGGATTGTATATTACACTGAGAAGTAGGGTCAACGTGCTG"
"species_01","V3",3,"V3a","AGAGCATTGGTTCTAGCTTATCGTATTCCCAATTAACATATGCGAGCATTATCGGGGCTATCAAGCTGGGCCAGTGATCAGGAACAAGCGTTAGAGGCATTCAAGCCTGAAGCAGGAGCATCCTTCTTACATAACCAGCTTGGGATTGTATATTACACTGAGAAGTAGGGTCAACGTGCTG"
"species_02","V3",1,"V3a","AGAGCATTGGTTCTAGCTTATCGTATTCCCAATTAACATATGCGAGCATTATCGGGGCTATCAAGCTGGGCCAGTGATCAGGAACAAGCGTTAGAGGCATTCAAGCCTGAAGCAGGAGCATCCTTCTTACATAACCAGCTTGGGATTGTATATTACACTGAGAAGTAGGGTCAACGTGCTG"
"species_02","V3",2,"V3c","AGAGCATTGGTCCTAGCTTATCGGATTCCCAATTAACATATGCGAGCATTATCGGGGCTATCAAGCTGGGCCAGTGATCAGGAACAAGCGTTAGAGGCATTCAAGCCTGAAGCAGGAGCATCCTTCTTACATAACCAGCTTGGGATTGTATATTACACTGAGAAATAGGGTCAACGTGCTG"
"species_02","V3",3,"V3a","AGAGCATTGGTTCTAGCTTATCGTATTCCCAATTAACATATGCGAGCATTATCGGGGCTATCAAGCTGGGCCAGTGATCAGGAACAAGCGTTAGAGGCATTCAAGCCTGAAGCAGGAGCATCCTTCTTACATAACCAGCTTGGGATTGTATATTACACTGAGAAGTAGGGTCAACGTGCTG"
"species_02","V3",4,"V3a","AGAGCATTGGTTCTAGCTTATCGTATTCCCAATTAACATATGCGAGCATTATCGGGGCTATCAAGCTGGGCCAGTGATCAGGAACAAGCGTTAGAGGCATTCAAGCCTGAAGCAGGAGCATCCTTCTTACATAACCAGCTTGGGATTGTATATTACACTGAGAAGTAGGGTCAACGTGCTG"
"species_02","V3",5,"V3a","AGAGCATTGGTTCTAGCTTATCGTATTCCCAATTAACATATGCGAGCATTATCGGGGCTATCAAGCTGGGCCAGTGATCAGGAACAAGCGTTAGAGGCATTCAAGCCTGAAGCAGGAGCATCCTTCTTACATAACCAGCTTGGGATTGTATATTACACTGAGAAGTAGGGTCAACGTGCTG"
"species_03","V3",1,"V3a","AGAGCATTGGTTCTAGCTTATCGTATTCCCAATTAACATATGCGAGCATTATCGGGGCTATCAAGCTGGGCCAGTGATCAGGAACAAGCGTTAGAGGCATTCAAGCCTGAAGCAGGAGCATCCTTCTTACATAACCAGCTTGGGATTGTATATTACACTGAGAAGTAGGGTCAACGTGCTG"
"species_03","V3",2,"V3a","AGAGCATTGGTTCTAGCTTATCGTATTCCCAATTAACATATGCGAGCATTATCGGGGCTATCAAGCTGGGCCAGTGATCAGGAACAAGCGTTAGAGGCATTCAAGCCTGAAGCAGGAGCATCCTTCTTACATAACCAGCTTGGGATTGTATATTACACTGAGAAGTAGGGTCAACGTGCTG"
"species_03","V3",3,"V3a","AGAGCATTGGTTCTAGCTTATCGTATTCCCAATTAACATATGCGAGCATTATCGGGGCTATCAAGCTGGGCCAGTGATCAGGAACAAGCGTTAGAGGCATTCAAGCCTGAAGCAGGAGCATCCTTCTTACATAACCAGCTTGGGATTGTATATTACACTGAGAAGTAGGGTCAACGTGCTG"
"species_03","V3",4,"V3a","AGAGCATTGGTTCTAGCTTATCGTATTCCCAATTAACATATGCGAGCATTATCGGGGCTATCAAGCTGGGCCAGTGATCAGGAACAAGCGTTAGAGGCATTCAAGCCTGAAGCAGGAGCATCCTTCTTACATAACCAGCTTGGGATTGTATATTACACTGAGAAGTAGGGTCAACGTGCTG"
"species_03","V3",5,"V3d","AGAGCATTGGTTCTAGCTTATCGTATTCCCAATTAACATATGCGAGCATTATCGCGGCTATCAAGCTGGGCCAGTGATCAGGAACAAGCGTTAGAGGCAATCAAGCCTGAAGCAGGAGCATCCTTCTTACATAACCAGCTTGGGATTGTATATTACACTCAGAAGTAGGGTCAACGTGCTG"
"species_03","V3",6,"V3a","AGAGCATTGGTTCTAGCTTATCGTATTCCCAATTAACATATGCGAGCATTATCGGGGCTATCAAGCTGGGCCAGTGATCAGGAACAAGCGTTAGAGGCATTCAAGCCTGAAGCAGGAGCATCCTTCTTACATAACCAGCTTGGGATTGTATATTACACTGAGAAGTAGGGTCAACGTGCTG"
"species_04","V3",1,"V3d","AGAGCATTGGTTCTAGCTTATCGTATTCCCAATTAACATATGCGAGCATTATCGGGGCTATCAAGCTGGGCCAGTGATCAGGAACAAGCGTTAGTGACATTCAAGCCTGAAGCAGGAGCATCCTTCTTACATAACCAGCTTGGGATTGTATATTACACTGAGAAGTAGGGTCAACGTGCTG"
"species_04","V3",2,"V3d","AGAGCATTGGTTCTAGCTTATCGTATTCCCAATTAACATATGCGAGCATTATCGGGGCTATCAAGCTGGGCCAGTGATCAGGAACAAGCGTTAGAGTCATCCAAGCCTGAAGCAGGAGCATCCTTCTTAGATAACCAGCTTGGGATTGTATATTACACTGACAGGTAGGGTCAACGTGCTG"
"species_04","V3",3,"V3b","AGAGCATTCGTTCTAGCTTATCGTATTCCCAATTAACATATGCGAGCATTATCGGGGCTATCAAGCTGGGCCAGTGATCAGGAACAAGCGTTAGAGGCATTCAAGCCTGAAGCAGGAGCATCCTTCTTACATAACCAGCTTGGGATTGTATATTAAACTGAGAAGTAGGGTCAACGTGCTG"
"species_04","V3",4,"V3d","AGAGCATTGGTTCTAGCTTATCGTATTCCCAATTAACATATGCGAGCATTATCGGGGCTATCAAGCTGGGCCAGTGATCAGGAACAAGCGTTAGAGGCATTCAACCCTGAAGCAGGAGCAACCTTCTTACATAACCAGCTTGGGATTGTATATTACACTGAGAAGTAGGGTCAACGTGCTG"
"species_04","V3",5,"V3a","AGAGCATTGGTTCTAGCTTATCGTATTCCCAATTAACATATGCGAGCATTATCGGGGCTATCAAGCTGGGCCAGTGATCAGGAACAAGCGTTAGAGGCATTCAAGCCTGAAGCAGGAGCATCCTTCTTACATAACCAGCTTGGGATTGTATATTACACTGAGAAGTAGGGTCAACGTGCTG"
"species_04","V3",6,"V3a","AGAGCATTGGTTCTAGCTTATCGTATTCCCAATTAACATATGCGAGCATTATCGGGGCTATCAAGCTGGGCCAGTGATCAGGAACAAGCGTTAGAGGCATTCAAGCCTGAAGCAGGAGCATCCTTCTTACATAACCAGCTTGGGATTGTATATTACACTGAGAAGTAGGGTCAACGTGCTG"
"species_05","V3",1,"V3a","AGAGCATTGGTTCTAGCTTATCGTATTCCCAATTAACATATGCGAGCATTATCGGGGCTATCAAGCTGGGCCAGTGATCAGGAACAAGCGTTAGAGGCATTCAAGCCTGAAGCAGGAGCATCCTTCTTACATAACCAGCTTGGGATTGTATATTACACTGAGAAGTAGGGTCAACGTGCTG"
"species_05","V3",2,"V3a","AGAGCATTGGTTCTAGCTTATCGTATTCCCAATTAACATATGCGAGCATTATCGGGGCTATCAAGCTGGGCCAGTGATCAGGAACAAGCGTTAGAGGCATTCAAGCCTGAAGCAGGAGCATCCTTCTTACATAACCAGCTTGGGATTGTATATTACACTGAGAAGTAGGGTCAACGTGCTG"
"species_05","V3",3,"V3a","AGAGCATTGGTTCTAGCTTATCGTATTCCCAATTAACATATGCGAGCATTATCGGGGCTATCAAGCTGGGCCAGTGATCAGGAACAAGCGTTAGAGGCATTCAAGCCTGAAGCAGGAGCATCCTTCTTACATAACCAGCTTGGGATTGTATATTACACTGAGAAGTAGGGTCAACGTGCTG"
"species_05","V3",4,"V3a","AGAGCATTGGTTCTAGCTTATCGTATTCCCAATTAACATATGCGAGCATTATCGGGGCTATCAAGCTGGGCCAGTGATCAGGAACAAGCGTTAGAGGCATTCAAGCCTGAAGCAGGAGCATCCTTCTTACATAACCAGCTTGGGATTGTATATTACACTGAGAAGTAGGGTCAACGTGCTG"
"species_05","V3",5,"V3d","AGAGCATTGGTTCTAGCTTATCGTATTCCCAATTAACATATGCGAGCATTATCGGGGCTATCAAGCTGGGCCAGTGATCAGGAACAAGCGTTAGAGGCATTCAAGCCTGAAGCAGGAGCATCCTTCTTACATAACCAGCTCGGGATTGTATATTACACTGAGAAGTAGGGTCAACGTGCTG"
"species_06","V3",1,"V3a","AGAGCATTGGTTCTAGCTTATCGTATTCCCAATTAACATATGCGAGCATTATCGGGGCTATCAAGCTGGGCCAGTGATCAGGAACAAGCGTTAGAGGCATTCAAGCCTGAAGCAGGAGCATCCTTCTTACATAACCAGCTTGGGATTGTATATTACACTGAGAAGTAGGGTCAACGTGCTG"
"species_06","V3",2,"V3a","AGAGCATTGGTTCTAGCTTATCGTATTCCCAATTAACATATGCGAGCATTATCGGGGCTATCAAGCTGGGCCAGTGATCAGGAACAAGCGTTAGAGGCATTCAAGCCTGAAGCAGGAGCATCCTTCTTACATAACCAGCTTGGGATTGTATATTACACTGAGAAGTAGGGTCAACGTGCTG"
"species_06","V3",3,"V3d","AGAGCATTGGTTCTAGCGTACCGTATTCCCAATTAACATATGCGAGCATTATCGGGGCTATCAAGCTGTGCCAGTGATCAGGAACAAGCGTTAGAGGCATTCAAGCCTGAAGCAGGAGCATCCTTCTTACATAACCAGCTTGGGATTGTATATTACACTGAGAAGTAGGGTCAACATGCTG"
"species_07","V3",1,"V3a","AGAGCATTGGTTCTAGCTTATCGTATTCCCAATTAACATATGCGAGCATTATCGGGGCTATCAAGCTGGGCCAGTGATCAGGAACAAGCGTTAGAGGCATTCAAGCCTGAAGCAGGAGCATCCTTCTTACATAACCAGCTTGGGATTGTATATTACACTGAGAAGTAGGGTCAACGTGCTG"
"species_07","V3",2,"V3a","AGAGCATTGGTTCTAGCTTATCGTATTCCCAATTAACATATGCGAGCATTATCGGGGCTATCAAGCTGGGCCAGTGATCAGGAACAAGCGTTAGAGGCATTCAAGCCTGAAGCAGGAGCATCCTTCTTACATAACCAGCTTGGGATTGTATATTACACTGAGAAGTAGGGTCAACGTGCTG"
"species_07","V3",3,"V3a","AGAGCATTGGTTCTAGCTTATCGTATTCCCAATTAACATATGCGAGCATTATCGGGGCTATCAAGCTGGGCCAGTGATCAGGAACAAGCGTTAGAGGCATTCAAGCCTGAAGCAGGAGCATCCTTCTTACATAACCAGCTTGGGATTGTATATTACACTGAGAAGTAGGGTCAACGTGCTG"
"species_07","V3",4,"V3d","AGAGCATTGGTTCTAGCTTATCGTATTACCAATTAACATATGCGAGCATTATCGGGGCTATCAAGCTGGGCCAGTGATCAGGAACAAGCGTTAGAGGCATTCAAGCCCGAAGCAGGAGCATCCTTCTTACATACCCAGCTTGGCATTGTATATTACACTGAGAAGTAGGGTCAACGTGCTG"
"species_08","V3",1,"V3a","AGAGCATTGGTTCTAGCTTATCGTATTCCCAATTAACATATGCGAGCATTATCGGGGCTATCAAGCTGGGCCAGTGATCAGGAACAAGCGTTAGAGGCATTCAAGCCTGAAGCAGGAGCATCCTTCTTACATAACCAGCTTGGGATTGTATATTACACTGAGAAGTAGGGTCAACGTGCTG"
"species_08","V3",2,"V3a","AGAGCATTGGTTCTAGCTTATCGTATTCCCAATTAACATATGCGAGCATTATCGGGGCTATCAAGCTGGGCCAGTGATCAGGAACAAGCGTTAGAGGCATTCAAGCCTGAAGCAGGAGCATCCTTCTTACATAACCAGCTTGGGATTGTATATTACACTGAGAAGTAGGGTCAACGTGCTG"
"species_08","V3",3,"V3a","AGAGCATTGGTTCTAGCTTATCGTATTCCCAATTAACATATGCGAGCATTATCGGGGCTATCAAGCTGGGCCAGTGATCAGGAACAAGCGTTAGAGGCATTCAAGCCTGAAGCAGGAGCATCCTTCTTACATAACCAGCTTGGGATTGTATATTACACTGAGAAGTAGGGTCAACGTGCTG"
"species_01","V4",1,"V4d","AGTTGGGAAGGATATAAGGTATTCGTGGCCACGCTCCAAAACAACTCAATTAGTCCTACTTGTGACATACAATTAATCCGCATACCATAGTGTTAGCCGTGATTGACAATGCCCACGGTCCCATGTGAGGATCACGAGTCCCTCAAACCCTGTTAGCGTTTTGTGTCCAGCGACCGATTTTCAACGTCAGTATCGTGACGGTTTTTCTAAGACAACGCTTGCTTACTTCATGGCAAATACCGGTTGCAGGCAACGCTCT"
"species_01","V4",2,"V4a","AGTTGGGAAGGATAAAAGGTATTCGTGGCCACGCTCCAAAACAACTCAATTAGTCCTACTTGTGACATACAATTAATCCGCATACCATAGTGTTAGCCGTGATTGACAATGCCCAGGGTCCCATGTGAGGATCACGTGTCCCACATACCCTGTTAGCGTTTTGTGTCCAGCGACCGATTTTCAACGTCAGTAGCGTGACGGTTTTTCTAAGACAAGGCTTGCTTACTTCATGGCAAATACCGGTTGCAGGCAACGCTCT"
"species_01","V4",3,"V4d","AGTTGGGAAGGATAATAGGTATTCGTGGCCACGCTCCAAAACAACTCAATTAGTCCTACTTGTGACATATAATTAATCCCTATACCATAGTGTTAGCCGTGATTGACAATGCCCAGGGTCCCATGTGAGGATCACGTGTCCCACATACCCTGTTAGCCTTTTGTGTCCAGCGACCGATTTTCAACGTCAGTAGCGTGACGGTTTTTCTAAGACAAGGCTTGCTTACTTCATGGCAAATACCGGTTGCAGGCAACGCTCT"
"species_02","V4",1,"V4d","AGTTGTGAAGGATAAAAAGTATTCGTGGCCACGCTCCAAAACAACTCAATTAGTCCTACTTGTGACATACAATAAATCCGCATACCATAGTGTTAGCCGTGATTGACAATGCCCAGGGTCCCATGTGAGGATCACGTGTCCCACATACCCTGTTAGCGTTTTGTGTCCAGCGACCGATTTTCAACGTCGGTAACGAGACGGTTTTGCTAAGACAAGGCTTGCTTACTTCATGGCAAATACCGGTTGCAGGCAACGCTCT"
"species_02","V4",2,"V4a","AGTTGGGAAGGATAAAAGGTATTCGTGGCCACGCTCCAAAACAACTCAATTAGTCCTACTTGTGACATACAATTAATCCGCATACCATAGTGTTAGCCGTGATTGACAATGCCCAGGGTCCCATGTGAGGATCACGTGTCCCACATACCCTGTTAGCGTTTTGTGTCCAGCGACCGATTTTCAACGTCAGTAGCGTGACGGTTTTTCTAAGACAAGGCTTGCTTACTTCATGGCAAATACCGGTTGCAGGCAACGCTCT"
"species_02","V4",3,"V4d","AGTTGGGAAGGATAAAAGGTATTCGTGGCCACGCTCCAAAACAACTCAATTAGTCCTACTTGTGACATACAATTAATCCGCATACCTTAGTGTTAGCCGTGATTGACAATGCCCAGGGTCCCATGTGAGGATCACGTGTCCCACATACCCTGTTAGCGTTTTGTGTCCAGCGACCGATTTTCAACGTCAGTAGCGTGACGGTTTTTCTAAGACAAGGCTTGCTTACTTCATGGCAAATACCGGTTGCAGGCAACGCTCT"
"species_02","V4",4,"V4c","AGTTGGGAAGGATAAAAGGTATTCGTGGCCACGCTCCAAAACAACTCAATTAGTCCTACTTGTGACATACAATTAATCAGCATACCATAGTGTTAGCCGTGATTGACAATGCCCAGGGTCCCATGTGAGGATCACGTGTCCCACATACCCTGTTAGCGTTTTGTGTCCAGGGACCGATTTTCAACGTCAGAAGCGTGACGGTTTTTCTAAGATAAGGCTTGCTTACTTCATGGCAAATACCGGTTGCAGGCAACGCGCT"
"species_02","V4",5,"V4a","AGTTGGGAAGGATAAAAGGTATTCGTGGCCACGCTCCAAAACAACTCAATTAGTCCTACTTGTGACATACAATTAATCCGCATACCATAGTGTTAGCCGTGATTGACAATGCCCAGGGTCCCATGTGAGGATCACGTGTCCCACATACCCTGTTAGCGTTTTGTGTCCAGCGACCGATTTTCAACGTCAGTAGCGTGACGGTTTTTCTAAGACAAGGCTTGCTTACTTCATGGCAAATACCGGTTGCAGGCAACGCTCT"
"species_03","V4",1,"V4d","AGTTGGGAAGGATAAAAGGTATTCGTGGCCACGCTCCAAAACATCTCAATTAGTCCTACTTGTGACATACAATTAATCCGCATACCATAGTGTTAGCCGTGGTTGACAATGCCCAGGGTCCCATGTGAGGATCACTTGTCCCACATACCCTGTTAGCGTTTTGTGTCCAGCGACCGATTTTCAACGTCAGTAGCGTGACGGTTTTTCTAAGACAAGGCTTGCTTACTTCATGGCAAATACCGGTTGCAGGCAACGCTCT"
"species_03","V4",2,"V4a","AGTTGGGAAGGATAAAAGGTATTCGTGGCCACGCTCCAAAACAACTCAATTAGTCCTACTTGTGACATACAATTAATCCGCATACCATAGTGTTAGCCGTGATTGACAATGCCCAGGGTCCCATGTGAGGATCACGTGTCCCACATACCCTGTTAGCGTTTTGTGTCCAGCGACCGATTTTCAACGTCAGTAGCGTGACGGTTTTTCTAAGACAAGGCTTGCTTACTTCATGGCAAATACCGGTTGCAGGCAACGCTCT"
"species_03","V4",3,"V4a","AGTTGGGAAGGATAAAAGGTATTCGTGGCCACGCTCCAAAACAACTCAATTAGTCCTACTTGTGACATACAATTAATCCGCATACCATAGTGTTAGCCGTGATTGACAATGCCCAGGGTCCCATGTGAGGATCACGTGTCCCACATACCCTGTTAGCGTTTTGTGTCCAGCGACCGATTTTCAACGTCAGTAGCGTGACGGTTTTTCTAAGACAAGGCTTGCTTACTTCATGGCAAATACCGGTTGCAGGCAACGCTCT"
"species_03","V4",4,"V4a","AGTTGGGAAGGATAAAAGGTATTCGTGGCCACGCTCCAAAACAACTCAATTAGTCCTACTTGTGACATACAATTAATCCGCATACCATAGTGTTAGCCGTGATTGACAATGCCCAGGGTCCCATGTGAGGATCACGTGTCCCACATACCCTGTTAGCGTTTTGTGTCCAGCGACCGATTTTCAACGTCAGTAGCGTGACGGTTTTTCTAAGACAAGGCTTGCTTACTTCATGGCAAATACCGGTTGCAGGCAACGCTCT"
"species_03","V4",5,"V4d","AGTTGGGAAGGATAAAAGGTATTCGTGGCCACGCTCCAAAACAACTCAATTAGTCCTACTTGTGACATACAATTAATCCGCATACCATAGTGTTAGCCGTGATTGCCAATGCCCAGGGTCCCATGTGAGGATCACGTGTCCCACATACCCGGTTAGCGTTTTGTGTCCAGCGACCGATTTTCAACGTCAGTAGCGTGACGGTTTTTCTAAGACAAGGCTTGCTTACTTCATGGCAAATACCGGTTGCAGTCAACGCTCT"
"species_03","V4",6,"V4a","AGTTGGGAAGGATAAAAGGTATTCGTGGCCACGCTCCAAAACAACTCAATTAGTCCTACTTGTGACATACAATTAATCCGCATACCATAGTGTTAGCCGTGATTGACAATGCCCAGGGTCCCATGTGAGGATCACGTGTCCCACATACCCTGTTAGCGTTTTGTGTCCAGCGACCGATTTTCAACGTCAGTAGCGTGACGGTTTTTCTAAGACAAGGCTTGCTTACTTCATGGCAAATACCGGTTGCAGGCAACGCTCT"
"species_04","V4",1,"V4a","AGTTGGGAAGGATAAAAGGTATTCGTGGCCACGCTCCAAAACAACTCAATTAGTCCTACTTGTGACATACAATTAATCCGCATACCATAGTGTTAGCCGTGATTGACAATGCCCAGGGTCCCATGTGAGGATCACGTGTCCCACATACCCTGTTAGCGTTTTGTGTCCAGCGACCGATTTTCAACGTCAGTAGCGTGACGGTTTTTCTAAGACAAGGCTTGCTTACTTCATGGCAAATACCGGTTGCAGGCAACGCTCT"
"species_04","V4",2,"V4a","AGTTGGGAAGGATAAAAGGTATTCGTGGCCACGCTCCAAAACAACTCAATTAGTCCTACTTGTGACATACAATTAATCCGCATACCATAGTGTTAGCCGTGATTGACAATGCCCAGGGTCCCATGTGAGGATCACGTGTCCCACATACCCTGTTAGCGTTTTGTGTCCAGCGACCGATTTTCAACGTCAGTAGCGTGACGGTTTTTCTAAGACAAGGCTTGCTTACTTCATGGCAAATACCGGTTGCAGGCAACGCTCT"
"species_04","V4",3,"V4d","AGTTGGGAAGGATAAAAGGTATTCGTGGCCACGCTCCAAAAGAACTCAATTAGTCCTACTTGTGACATACAATTAATCCGCATACCATAGTGTTAGCCGTGATTGACAATACCCATGGTCCCATGTGAGGATCACGTGTCCCACATACCCTGTTAGCGTTTTGTGTCCAGCGACCGATTTTCAACGTCAGTAGCGTGACGGTTTTTCTAAGACAAGGCTTGCTTACTTCATGGCAAATACCGGTTGCAGGCAACGCTCT"
"species_04","V4",4,"V4a","AGTTGGGAAGGATAAAAGGTATTCGTGGCCACGCTCCAAAACAACTCAATTAGTCCTACTTGTGACATACAATTAATCCGCATACCATAGTGTTAGCCGTGATTGACAATGCCCAGGGTCCCATGTGAGGATCACGTGTCCCACATACCCTGTTAGCGTTTTGTGTCCAGCGACCGATTTTCAACGTCAGTAGCGTGACGGTTTTTCTAAGACAAGGCTTGCTTACTTCATGGCAAATACCGGTTGCAGGCAACGCTCT"
"species_04","V4",5,"V4a","AGTTGGGAAGGATAAAAGGTATTCGTGGCCACGCTCCAAAACAACTCAATTAGTCCTACTTGTGACATACAATTAATCCGCATACCATAGTGTTAGCCGTGATTGACAATGCCCAGGGTCCCATGTGAGGATCACGTGTCCCACATACCCTGTTAGCGTTTTGTGTCCAGCGACCGATTTTCAACGTCAGTAGCGTGACGGTTTTTCTAAGACAAGGCTTGCTTACTTCATGGCAAATACCGGTTGCAGGCAACGCTCT"
"species_04","V4",6,"V4a","AGTTGGGAAGGATAAAAGGTATTCGTGGCCACGCTCCAAAACAACTCAATTAGTCCTACTTGTGACATACAATTAATCCGCATACCATAGTGTTAGCCGTGATTGACAATGCCCAGGGTCCCATGTGAGGATCACGTGTCCCACATACCCTGTTAGCGTTTTGTGTCCAGCGACCGATTTTCAACGTCAGTAGCGTGACGGTTTTTCTAAGACAAGGCTTGCTTACTTCATGGCAAATACCGGTTGCAGGCAACGCTCT"
"species_05","V4",1,"V4d","AGTTGGGAAGGATAAAAGGTATTCGTGGCCACGCTCCAAAACAACTCAATTAGTTGTACCCGTGACATACAATTAATCCGCATACCATAGTGTTAGCCGTGATTGACAATGCCCAGGGTCCCATGTGAGTATCGCGTGTCCCACATACCCTGTTAGCGTTTTGTGTCCAGCGACCGATTTTCAACGTCCGTATCGTGACGGTTTTTCTAAGACAAGGCTTGCTTACTTCATGGCAAATACCGGTTGCAGGCAACGCTCT"
"species_05","V4",2,"V4a","AGTTGGGAAGGATAAAAGGTATTCGTGGCCACGCTCCAAAACAACTCAATTAGTCCTACTTGTGACATACAATTAATCCGCATACCATAGTGTTAGCCGTGATTGACAATGCCCAGGGTCCCATGTGAGGATCACGTGTCCCACATACCCTGTTAGCGTTTTGTGTCCAGCGACCGATTTTCAACGTCAGTAGCGTGACGGTTTTTCTAAGACAAGGCTTGCTTACTTCATGGCAAATACCGGTTGCAGGCAACGCTCT"
"species_05","V4",3,"V4a","AGTTGGGAAGGATAAAAGGTATTCGTGGCCACGCTCCAAAACAACTCAATTAGTCCTACTTGTGACATACAATTAATCCGCATACCATAGTGTTAGCCGTGATTGACAATGCCCAGGGTCCCATGTGAGGATCACGTGTCCCACATACCCTGTTAGCGTTTTGTGTCCAGCGACCGATTTTCAACGTCAGTAGCGTGACGGTTTTTCTAAGACAAGGCTTGCTTACTTCATGGCAAATACCGGTTGCAGGCAACGCTCT"
"species_05","V4",4,"V4d","ATTTGGGAAGGATAAAAGGTATTCGTGGCCACGCTCCAAAACAACTCAATTAGTCCTACTTGTGACAAACAATTAATCCGCATACCATAGTGTTAGCCGTGATTGACAATGCCCCGGGTCCCACGTGAGGATCACGTGTCCCACATACCCTGTTAGCGTTTTGTGTCCAGCGACCGATTTTCAACGTCAGTAGCGTGACGGTTTTTCTAAGACAAGGCTTGCTTACTTCATGACAAATACCGGTTGCAGGCAACGCTCT"
"species_05","V4",5,"V4a","AGTTGGGAAGGATAAAAGGTATTCGTGGCCACGCTCCAAAACAACTCAATTAGTCCTACTTGTGACATACAATTAATCCGCATACCATAGTGTTAGCCGTGATTGACAATGCCCAGGGTCCCATGTGAGGATCACGTGTCCCACATACCCTGTTAGCGTTTTGTGTCCAGCGACCGATTTTCAACGTCAGTAGCGTGACGGTTTTTCTAAGACAAGGCTTGCTTACTTCATGGCAAATACCGGTTGCAGGCAACGCTCT"
"species_06","V4",1,"V4d","AGTTGGGAAGGATAAAAGGTATTCGTGGCCACGCTCCAAAACAACTCAATTAGTCCTACTTGTGACATACAATTAATCCGCATACCATAGTGTTAGCCGTGATTGACAATGCCCAGGGTCCCATGTGAGGATCACGTGTCCCACATACCCTGTTAGCGTTTAGTGTCCAGCGACCGATTTTCAACGTCAGTAGCGTGACGGTTTTTCTAAGACAAGGCTTGCTTACTTCATGGCAAATACCGGTTGCAGGCAACGCTCT"
"species_06","V4",2,"V4a","AGTTGGGAAGGATAAAAGGTATTCGTGGCCACGCTCCAAAACAACTCAATTAGTCCTACTTGTGACATACAATTAATCCGCATACCATAGTGTTAGCCGTGATTGACAATGCCCAGGGTCCCATGTGAGGATCACGTGTCCCACATACCCTGTTAGCGTTTTGTGTCCAGCGACCGATTTTCAACGTCAGTAGCGTGACGGTTTTTCTAAGACAAGGCTTGCTTACTTCATGGCAAATACCGGTTGCAGGCAACGCTCT"
"species_06","V4",3,"V4b","AGTTGGGAAGGATAAAAGGTATTCGTGGCCACGCTCCAAAACAACTCAATTAGTCCTACGTGTGACATACAATTAATCCGCATACCATAGTGTTAGCCGTGATTGACAATGCCCAGGGTCCCATGTGAGGATCACTTGTCCCACATACCCTGTTAGCGTTTTGTGTCCAGCCACCGATTTTCAACGTCAGTAGCGTGACGGTTTTTCTAAGACAAGGCTTGCTTACTTCATGGCAAATACCGGTTGCAGGCAACGCTCT"
"species_07","V4",1,"V4d","AGTTGGGAAGGATAAAAGGTATTCGTGGCCACGCTCCAGAACCACTCAATTAGTCCTACCTGTGACATTCAATTAATCCGTATACCATAGTGTTAGCCGTGATTGACAATGCCCAGGGTCCCATGTGAGGATCACGTGTCCCACATACCCTGTTAGCGTTTTGTGTCCAGCGACCGATTTTCAACGTCAGTAGCGTGACGGTTTTTGTAAGACAAGGCTTGCTTACTTCATGGCAAATACCGGTTGCAGGCAACGCTCT"
"species_07","V4",2,"V4a","AGTTGGGAAGGATAAAAGGTATTCGTGGCCACGCTCCAAAACAACTCAATTAGTCCTACTTGTGACATACAATTAATCCGCATACCATAGTGTTAGCCGTGATTGACAATGCCCAGGGTCCCATGTGAGGATCACGTGTCCCACATACCCTGTTAGCGTTTTGTGTCCAGCGACCGATTTTCAACGTCAGTAGCGTGACGGTTTTTCTAAGACAAGGCTTGCTTACTTCATGGCAAATACCGGTTGCAGGCAACGCTCT"
"species_07","V4",3,"V4d","AGTTGGGAAGGATAAAAGGTATTCGTGGCCACGCTCCAAAACAACTCAATTAGTCCTACTTGTGACATACAATTAATCCGCATACCATAGTGTTAGCCGTGATTGACAAAGCCCAGTGTCCCATGTGAGGATCACGTGTCCCACATACCCTGTTAGCGTTTTGTGTCCAGCGACCGATTTTCAACGTCAGTAGCGTGACGGTTTTCCTAAGACAACGCTTGCTTACTTCATGGCAAATACCGGTTGCAGGCAACGCTCT"
"species_07","V4",4,"V4a","AGTTGGGAAGGATAAAAGGTATTCGTGGCCACGCTCCAAAACAACTCAATTAGTCCTACTTGTGACATACAATTAATCCGCATACCATAGTGTTAGCCGTGATTGACAATGCCCAGGGTCCCATGTGAGGATCACGTGTCCCACATACCCTGTTAGCGTTTTGTGTCCAGCGACCGATTTTCAACGTCAGTAGCGTGACGGTTTTTCTAAGACAAGGCTTGCTTACTTCATGGCAAATACCGGTTGCAGGCAACGCTCT"
"species_08","V4",1,"V4a","AGTTGGGAAGGATAAAAGGTATTCGTGGCCACGCTCCAAAACAACTCAATTAGTCCTACTTGTGACATACAATTAATCCGCATACCATAGTGTTAGCCGTGATTGACAATGCCCAGGGTCCCATGTGAGGATCACGTGTCCCACATACCCTGTTAGCGTTTTGTGTCCAGCGACCGATTTTCAACGTCAGTAGCGTGACGGTTTTTCTAAGACAAGGCTTGCTTACTTCATGGCAAATACCGGTTGCAGGCAACGCTCT"
"species_08","V4",2,"V4a","AGTTGGGAAGGATAAAAGGTATTCGTGGCCACGCTCCAAAACAACTCAATTAGTCCTACTTGTGACATACAATTAATCCGCATACCATAGTGTTAGCCGTGATTGACAATGCCCAGGGTCCCATGTGAGGATCACGTGTCCCACATACCCTGTTAGCGTTTTGTGTCCAGCGACCGATTTTCAACGTCAGTAGCGTGACGGTTTTTCTAAGACAAGGCTTGCTTACTTCATGGCAAATACCGGTTGCAGGCAACGCTCT"
"species_08","V4",3,"V4d","AGTTGGGAAGGATAAAAGGTATTCGTGGCGACGCTCCAAAACAACTCAATTAGTCCTACTTGTGACATACAATTACTCCGCATACCATAGTGTTAGCCGTGATTGACAATGCCCAGGGTCCCATGTGAGGATCACGTGTCCCACATACCCTGTTAGCGTTTTGTGTCCAGCGACCGATTTTCAACGTCAGTAGCGTGACGGTTTTTCTAAGACTAGGCTTGCTTACTTCATGGCAAATACCGGTTGCAGGCAACGCTCT"
"species_01","V5",1,"V5b","GCGGAGCTCGGCAATTCACAAAGCACAGACAAGCTTAAGAACACTGATTAGTTAGAGAAAACTTTACTTCGTCGTCTCGCCATTGTTCGATAGGGCACCTACCCTCGTAGAGACGTGCCTTTAATTCATGCCGGGGAAT"
"species_01","V5",2,"V5d","GCGGAGCTCGGCAATTCATAATGCACAGTCAAGCTTAAGAACACTGATTAGTTAGAGAAAACTTTACTTCGTCGTCTCGCCATTGTTCGATAGGGCACCTACCCTCGTAGAGACGTGCCTTTAATTCATGCCGGGGAAT"
"species_01","V5",3,"V5b","GCGGAGCTCGGCAATTCACAAAGCACAGACAAGCTTAAGAACACTGATTAGTTAGAGAAAACTTTACTTCGTCGTCTCGCCATTGTTCGATAGGGCACCTACCCTCGTAGAGACGTGCCTTTAATTCATGCCGGGGAAT"
"species_02","V5",1,"V5b","GCGGAGCTCGGCAATTCACAAAGCACAGACAAGCTTAAGAACACTGATTAGTTAGAGAAAACTTTACTTCGTCGTCTCGCCATTGTTCGATAGGGCACCTACCCTCGTAGAGACGTGCCTTTAATTCATGCCGGGGAAT"
"species_02","V5",2,"V5b","GCGGAGCTCGGCAATTCACAAAGCACAGACAAGCTTAAGAACACTGATTAGTTAGAGAAAACTTTACTTCGTCGTCTCGCCATTGTTCGATAGGGCACCTACCCTCGTAGAGACGTGCCTTTAATTCATGCCGGGGAAT"
"species_02","V5",3,"V5b","GCGGAGCTCGGCAATTCACAAAGCACAGACAAGCTTAAGAACACTGATTAGTTAGAGAAAACTTTACTTCGTCGTCTCGCCATTGTTCGATAGGGCACCTACCCTCGTAGAGACGTGCCTTTAATTCATGCCGGGGAAT"
"species_02","V5",4,"V5d","GCCGAGCTCGGCAATTCACAAAGCACAGACAACCTTAAGAACACTGATTAGTTAGAGAAAACTTTACTTCGTCGTCTCGCCATTGTTCGATAGGGCACCTACCCTCGTAGAGACGTGCCTTTAATTTATGCCGGGGAAT"
"species_02","V5",5,"V5b","GCGGAGCTCGGCAATTCACAAAGCACAGACAAGCTTAAGAACACTGATTAGTTAGAGAAAACTTTACTTCGTCGTCTCGCCATTGTTCGATAGGGCACCTACCCTCGTAGAGACGTGCCTTTAATTCATGCCGGGGAAT"
"species_03","V5",1,"V5d","GCGGAGCTCGGCCAATCACAAAGCACAGACAAGCTTAAGAACACTGATTAGTTAGAGAAAACTTTACTTCGTCGTCTCGCCATTGTTCGATAGAGCACCTACCCTCGTAGAGACGTGCGTTAAATTCATGCGGGGGAAT"
"species_03","V5",2,"V5d","GCGGAGCTCGGCAATTCACAAAGCACAGAAAAGCGTAAGAACACTGATTAGTGAGAGAAAACTTTACTTCGTCGTCTCGCCATTGTTCGATAGAGCACCTACCCTCGTAGAGACGTGCGTTTAATTCATGCCGGGGAAT"
"species_03","V5",3,"V5a","GCGGAGCTCGGCAATTCACAAAGCACAGACAAGCTTAAGAACACTGATTAGTTAGAGAAAACTTTACTTCGTCGTCTCGCCATTGTTCGATAGAGCACCTACCCTCGTAGAGACGTGCGTTTAATTCATGCCGGGGAAT"
"species_03","V5",4,"V5d","GCGGACCTCGGCAATTCACAAAGCACACACAAGCTTAAGAACACTGATTAGTTAGAGAAAACTTTACTTCGTCGTCTCGCCATTGTTCGATAGAGCACCTACCCTCGTAGAGACGTGCGTCTAATTCATGCCGGGGAAT"
"species_03","V5",5,"V5a","GCGGAGCTCGGCAATTCACAAAGCACAGACAAGCTTAAGAACACTGATTAGTTAGAGAAAACTTTACTTCGTCGTCTCGCCATTGTTCGATAGAGCACCTACCCTCGTAGAGACGTGCGTTTAATTCATGCCGGGGAAT"
"species_03","V5",6,"V5d","GCGGAGCTCGGCAATTCACAAAGCACAGACAAGCTTAAGAACACTCATTAGTTAGAGAAAACTTTACTTCGTCGTCTCGCCATTGTTCGATAGAGCACCTACCCTCGTAGAGACGTGCGTTTAATTCATGCCGGGGAAT"
"species_04","V5",1,"V5a","GCGGAGCTCGGCAATTCACAAAGCACAGACAAGCTTAAGAACACTGATTAGTTAGAGAAAACTTTACTTCGTCGTCTCGCCATTGTTCGATAGAGCACCTACCCTCGTAGAGACGTGCGTTTAATTCATGCCGGGGAAT"
"species_04","V5",2,"V5d","GCGGAGCTCGGCAATTCACAAAGCACAGACAAGCTTAAGAACACTGATTAATTAGAGAAAACTTTACTTCGTCGTCTCGCCATTGTTCGATAGAGCACCTACCCTCGTAGAGACGTGCGTTTAATTCATGCCGGGGAAT"
"species_04","V5",3,"V5a","GCGGAGCTCGGCAATTCACAAAGCACAGACAAGCTTAAGAACACTGATTAGTTAGAGAAAACTTTACTTCGTCGTCTCGCCATTGTTCGATAGAGCACCTACCCTCGTAGAGACGTGCGTTTAATTCATGCCGGGGAAT"
"species_04","V5",4,"V5a","GCGGAGCTCGGCAATTCACAAAGCACAGACAAGCTTAAGAACACTGATTAGTTAGAGAAAACTTTACTTCGTCGTCTCGCCATTGTTCGATAGAGCACCTACCCTCGTAGAGACGTGCGTTTAATTCATGCCGGGGAAT"
"species_04","V5",5,"V5a","GCGGAGCTCGGCAATTCACAAAGCACAGACAAGCTTAAGAACACTGATTAGTTAGAGAAAACTTTACTTCGTCGTCTCGCCATTGTTCGATAGAGCACCTACCCTCGTAGAGACGTGCGTTTAATTCATGCCGGGGAAT"
"species_04","V5",6,"V5a","GCGGAGCTCGGCAATTCACAAAGCACAGACAAGCTTAAGAACACTGATTAGTTAGAGAAAACTTTACTTCGTCGTCTCGCCATTGTTCGATAGAGCACCTACCCTCGTAGAGACGTGCGTTTAATTCATGCCGGGGAAT"
"species_05","V5",1,"V5c","GCGGAGCTCGGCAATTCACAAAGCACAGACAAGCTTAAGAACACTGATTAGTTAGAGAAAACTTTACTTCGTCGTCGCGCCATTGTTCGATAGCGCATCTACCCTCGAAGAGACGTGCTTTTAATTCATGCCGGGGAAT"
"species_05","V5",2,"V5c","GCGGAGCTCGGCAATTCACAAAGCACAGACAAGCTTAAGAACACTGATTAGTTAGAGAAAACTTTACTTCGTCGTCGCGCCATTGTTCGATAGCGCATCTACCCTCGAAGAGACGTGCTTTTAATTCATGCCGGGGAAT"
"species_05","V5",3,"V5c","GCGGAGCTCGGCAATTCACAAAGCACAGACAAGCTTAAGAACACTGATTAGTTAGAGAAAACTTTACTTCGTCGTCGCGCCATTGTTCGATAGCGCATCTACCCTCGAAGAGACGTGCTTTTAATTCATGCCGGGGAAT"
"species_05","V5",4,"V5c","GCGGAGCTCGGCAATTCACAAAGCACAGACAAGCTTAAGAACACTGATTAGTTAGAGAAAACTTTACTTCGTCGTCGCGCCATTGTTCGATAGCGCATCTACCCTCGAAGAGACGTGCTTTTAATTCATGCCGGGGAAT"
"species_05","V5",5,"V5c","GCGGAGCTCGGCAATTCACAAAGCACAGACAAGCTTAAGAACACTGATTAGTTAGAGAAAACTTTACTTCGTCGTCGCGCCATTGTTCGATAGCGCATCTACCCTCGAAGAGACGTGCTTTTAATTCATGCCGGGGAAT"
"species_06","V5",1,"V5c","GCGGAGCTCGGCAATTCACAAAGCACAGACAAGCTTAAGAACACTGATTAGTTAGAGAAAACTTTACTTCGTCGTCGCGCCATTGTTCGATAGCGCATCTACCCTCGAAGAGACGTGCTTTTAATTCATGCCGGGGAAT"
"species_06","V5",2,"V5d","GCGGAGCTCGGCAATTCACAAAGCACAGACAAGCTTAAGAACACTGATTAGTTAGAGAAAACTTTACTTCGTCGGCGCGCCATTGTTCGATAGCGCATCTACCCTCGAAGAGACGTGCTTTTAATTCATGCCGGGGAAT"
"species_06","V5",3,"V5c","GCGGAGCTCGGCAATTCACAAAGCACAGACAAGCTTAAGAACACTGATTAGTTAGAGAAAACTTTACTTCGTCGTCGCGCCATTGTTCGATAGCGCATCTACCCTCGAAGAGACGTGCTTTTAATTCATGCCGGGGAAT"
"species_07","V5",1,"V5b","GCGGAGCTCGGCAATTCACAAAGCACAGACAAGCTTAAGAACACTGATTAGTTAGAGAAAACTTTACTTCGTCGTCTCGCCATTGTTCGATAGGGCACCTACCCTCGTAGAGACGTGCCTTTAATTCATGCCGGGGAAT"
"species_07","V5",2,"V5b","GCGGAGCTCGGCAATTCACAAAGCACAGACAAGCTTAAGAACACTGATTAGTTAGAGAAAACTTTACTTCGTCGTCTCGCCATTGTTCGATAGGGCACCTACCCTCGTAGAGACGTGCCTTTAATTCATGCCGGGGAAT"
"species_07","V5",3,"V5b","GCGGAGCTCGGCAATTCACAAAGCACAGACAAGCTTAAGAACACTGATTAGTTAGAGAAAACTTTACTTCGTCGTCTCGCCATTGTTCGATAGGGCACCTACCCTCGTAGAGACGTGCCTTTAATTCATGCCGGGGAAT"
"species_07","V5",4,"V5b","GCGGAGCTCGGCAATTCACAAAGCACAGACAAGCTTAAGAACACTGATTAGTTAGAGAAAACTTTACTTCGTCGTCTCGCCATTGTTCGATAGGGCACCTACCCTCGTAGAGACGTGCCTTTAATTCATGCCGGGGAAT"
"species_08","V5",1,"V5a","GCGGAGCTCGGCAATTCACAAAGCACAGACAAGCTTAAGAACACTGATTAGTTAGAGAAAACTTTACTTCGTCGTCTCGCCATTGTTCGATAGAGCACCTACCCTCGTAGAGACGTGCGTTTAATTCATGCCGGGGAAT"
"species_08","V5",2,"V5a","GCGGAGCTCGGCAATTCACAAAGCACAGACAAGCTTAAGAACACTGATTAGTTAGAGAAAACTTTACTTCGTCGTCTCGCCATTGTTCGATAGAGCACCTACCCTCGTAGAGACGTGCGTTTAATTCATGCCGGGGAAT"
"species_08","V5",3,"V5a","GCGGAGCTCGGCAATTCACAAAGCACAGACAAGCTTAAGAACACTGATTAGTTAGAGAAAACTTTACTTCGTCGTCTCGCCATTGTTCGATAGAGCACCTACCCTCGTAGAGACGTGCGTTTAATTCATGCCGGGGAAT"
"species_01","V6",1,"V6a","TACCTGTTATTCCCTGATTTACATCGATCACAAGTAGCAGCCTCGCGTACGCAACACTACCGCAGTCCTGAATCCTTTCAACCTATGTACGAGGTAAAAGAGCGGGTTGGAGTTACATCCCCCGCGTCGACGCGATGCAACAAC"
"species_01","V6",2,"V6a","TACCTGTTATTCCCTGATTTACATCGATCACAAGTAGCAGCCTCGCGTACGCAACACTACCGCAGTCCTGAATCCTTTCAACCTATGTACGAGGTAAAAGAGCGGGTTGGAGTTACATCCCCCGCGTCGACGCGATGCAACAAC"
"species_01","V6",3,"V6a","TACCTGTTATTCCCTGATTTACATCGATCACAAGTAGCAGCCTCGCGTACGCAACACTACCGCAGTCCTGAATCCTTTCAACCTATGTACGAGGTAAAAGAGCGGGTTGGAGTTACATCCCCCGCGTCGACGCGATGCAACAAC"
"species_02","V6",1,"V6a","TACCTGTTATTCCCTGATTTACATCGATCACAAGTAGCAGCCTCGCGTACGCAACACTACCGCAGTCCTGAATCCTTTCAACCTATGTACGAGGTAAAAGAGCGGGTTGGAGTTACATCCCCCGCGTCGACGCGATGCAACAAC"
"species_02","V6",2,"V6d","TACCTGTTATTCCCTGATTTACATTGATCACAAGTAGCAGCCTCGCGTACGCAACACTACCGCAGTCCTGAATCCTTTCAACCTATGTACGAGGTAAAAGAGCGGGTTGGAGTTACATCCCCCGCGTCGACGCGATGCAACAAC"
"species_02","V6",3,"V6d","TACCTGTTATTCCCTGATTTAGATCGATCACAAGTAGCAGCCTCGCGTACGCAACACTACCGCAGTCCCGAATCCTTTCAACCTATGTACGAGGTAAAAGAGCGGGTTGGAGTTACATCCCCCGCGTCGACGCGATGCAAGAAC"
"species_02","V6",4,"V6a","TACCTGTTATTCCCTGATTTACATCGATCACAAGTAGCAGCCTCGCGTACGCAACACTACCGCAGTCCTGAATCCTTTCAACCTATGTACGAGGTAAAAGAGCGGGTTGGAGTTACATCCCCCGCGTCGACGCGATGCAACAAC"
"species_02","V6",5,"V6a","TACCTGTTATTCCCTGATTTACATCGATCACAAGTAGCAGCCTCGCGTACGCAACACTACCGCAGTCCTGAATCCTTTCAACCTATGTACGAGGTAAAAGAGCGGGTTGGAGTTACATCCCCCGCGTCGACGCGATGCAACAAC"
"species_03","V6",1,"V6d","TACCTGTTATTCCCTGATTTACATCGATCACAATTAGCAGCCTCGCGTACGCAACACTACCGCAGTCCTGAATCCTTTCAACCTCTGTACGAGGTAACAGAGCGGGTTGGAGTTACATCCCCCGCGTCGACGCGATGCAACAAC"
"species_03","V6",2,"V6a","TACCTGTTATTCCCTGATTTACATCGATCACAAGTAGCAGCCTCGCGTACGCAACACTACCGCAGTCCTGAATCCTTTCAACCTATGTACGAGGTAAAAGAGCGGGTTGGAGTTACATCCCCCGCGTCGACGCGATGCAACAAC"
"species_03","V6",3,"V6c","TACCTGTTATTCCCTGATTTACATCGATCACAAGTAGCAGCCTCGCGTACGCAACACTACCGCAGTCCTGAAACCTTTCAACCTATGTACGAGGTAAAAGAGCGGGTTGGAGTTACATCCCCCGCGTCGACGCCATGCAACAAC"
"species_03","V6",4,"V6b","TACCCGTAATTCCCTGATTTACATCGATCACAAGTAGCAGCCTCGCGTATGCAACACTACCGCAGTCCTGAATCCTTTCAACCTATGTACGAGGTAAAAGAGCGGGTTGGAGTTACATCCCCCGTGTCGACGCGATGCAACAAC"
"species_03","V6",5,"V6a","TACCTGTTATTCCCTGATTTACATCGATCACAAGTAGCAGCCTCGCGTACGCAACACTACCGCAGTCCTGAATCCTTTCAACCTATGTACGAGGTAAAAGAGCGGGTTGGAGTTACATCCCCCGCGTCGACGCGATGCAACAAC"
"species_03","V6",6,"V6a","TACCTGTTATTCCCTGATTTACATCGATCACAAGTAGCAGCCTCGCGTACGCAACACTACCGCAGTCCTGAATCCTTTCAACCTATGTACGAGGTAAAAGAGCGGGTTGGAGTTACATCCCCCGCGTCGACGCGATGCAACAAC"
"species_04","V6",1,"V6a","TACCTGTTATTCCCTGATTTACATCGATCACAAGTAGCAGCCTCGCGTACGCAACACTACCGCAGTCCTGAATCCTTTCAACCTATGTACGAGGTAAAAGAGCGGGTTGGAGTTACATCCCCCGCGTCGACGCGATGCAACAAC"
"species_04","V6",2,"V6a","TACCTGTTATTCCCTGATTTACATCGATCACAAGTAGCAGCCTCGCGTACGCAACACTACCGCAGTCCTGAATCCTTTCAACCTATGTACGAGGTAAAAGAGCGGGTTGGAGTTACATCCCCCGCGTCGACGCGATGCAACAAC"
"species_04","V6",3,"V6a","TACCTGTTATTCCCTGATTTACATCGATCACAAGTAGCAGCCTCGCGTACGCAACACTACCGCAGTCCTGAATCCTTTCAACCTATGTACGAGGTAAAAGAGCGGGTTGGAGTTACATCCCCCGCGTCGACGCGATGCAACAAC"
"species_04","V6",4,"V6a","TACCTGTTATTCCCTGATTTACATCGATCACAAGTAGCAGCCTCGCGTACGCAACACTACCGCAGTCCTGAATCCTTTCAACCTATGTACGAGGTAAAAGAGCGGGTTGGAGTTACATCCCCCGCGTCGACGCGATGCAACAAC"
"species_04","V6",5,"V6a","TACCTGTTATTCCCTGATTTACATCGATCACAAGTAGCAGCCTCGCGTACGCAACACTACCGCAGTCCTGAATCCTTTCAACCTATGTACGAGGTAAAAGAGCGGGTTGGAGTTACATCCCCCGCGTCGACGCGATGCAACAAC"
"species_04","V6",6,"V6d","TACCTGTTATTCCCTGATTTACATCGATCACTAGTAGCAGCCTCGCGTAGGCAACACTACAGCAGTCCTGAATCCTTTCAACCTATGTACGAGGTAAAAGAGCGGGTTGGAGTTACATCCCCCGCGTCGACGCGATGCGACAAC"
"species_05","V6",1,"V6a","TACCTGTTATTCCCTGATTTACATCGATCACAAGTAGCAGCCTCGCGTACGCAACACTACCGCAGTCCTGAATCCTTTCAACCTATGTACGAGGTAAAAGAGCGGGTTGGAGTTACATCCCCCGCGTCGACGCGATGCAACAAC"
"species_05","V6",2,"V6a","TACCTGTTATTCCCTGATTTACATCGATCACAAGTAGCAGCCTCGCGTACGCAACACTACCGCAGTCCTGAATCCTTTCAACCTATGTACGAGGTAAAAGAGCGGGTTGGAGTTACATCCCCCGCGTCGACGCGATGCAACAAC"
"species_05","V6",3,"V6a","TACCTGTTATTCCCTGATTTACATCGATCACAAGTAGCAGCCTCGCGTACGCAACACTACCGCAGTCCTGAATCCTTTCAACCTATGTACGAGGTAAAAGAGCGGGTTGGAGTTACATCCCCCGCGTCGACGCGATGCAACAAC"
"species_05","V6",4,"V6a","TACCTGTTATTCCCTGATTTACATCGATCACAAGTAGCAGCCTCGCGTACGCAACACTACCGCAGTCCTGAATCCTTTCAACCTATGTACGAGGTAAAAGAGCGGGTTGGAGTTACATCCCCCGCGTCGACGCGATGCAACAAC"
"species_05","V6",5,"V6a","TACCTGTTATTCCCTGATTTACATCGATCACAAGTAGCAGCCTCGCGTACGCAACACTACCGCAGTCCTGAATCCTTTCAACCTATGTACGAGGTAAAAGAGCGGGTTGGAGTTACATCCCCCGCGTCGACGCGATGCAACAAC"
"species_06","V6",1,"V6d","TACCTGTTATTCCCTGATTTACGTCGATCACAAGTAGCCGCGTCGCGTACGCAACAGTACCGCAGTCCTGAATCCTTTCAACCTATGTACGAGGTAAAAGAGCGGGTTGGAGTTACATCCCCCGCGTCGACGCGATGCAACAAC"
"species_06","V6",2,"V6a","TACCTGTTATTCCCTGATTTACATCGATCACAAGTAGCAGCCTCGCGTACGCAACACTACCGCAGTCCTGAATCCTTTCAACCTATGTACGAGGTAAAAGAGCGGGTTGGAGTTACATCCCCCGCGTCGACGCGATGCAACAAC"
"species_06","V6",3,"V6a","TACCTGTTATTCCCTGATTTACATCGATCACAAGTAGCAGCCTCGCGTACGCAACACTACCGCAGTCCTGAATCCTTTCAACCTATGTACGAGGTAAAAGAGCGGGTTGGAGTTACATCCCCCGCGTCGACGCGATGCAACAAC"
"species_07","V6",1,"V6d","TACCTGTTATTCCCTGATTTACATCGATCACAAGTAGCAGCCTCGCGTACGCAACACTACCGCAGTCCTGAATCCTTTCAACCAATGTACGAGGTAAAAGAGCGGGTTGGAGTTACATCCCCCGCGTCGACGCGGTGCAACAAC"
"species_07","V6",2,"V6a","TACCTGTTATTCCCTGATTTACATCGATCACAAGTAGCAGCCTCGCGTACGCAACACTACCGCAGTCCTGAATCCTTTCAACCTATGTACGAGGTAAAAGAGCGGGTTGGAGTTACATCCCCCGCGTCGACGCGATGCAACAAC"
"species_07","V6",3,"V6a","TACCTGTTATTCCCTGATTTACATCGATCACAAGTAGCAGCCTCGCGTACGCAACACTACCGCAGTCCTGAATCCTTTCAACCTATGTACGAGGTAAAAGAGCGGGTTGGAGTTACATCCCCCGCGTCGACGCGATGCAACAAC"
"species_07","V6",4,"V6a","TACCTGTTATTCCCTGATTTACATCGATCACAAGTAGCAGCCTCGCGTACGCAACACTACCGCAGTCCTGAATCCTTTCAACCTATGTACGAGGTAAAAGAGCGGGTTGGAGTTACATCCCCCGCGTCGACGCGATGCAACAAC"
"species_08","V6",1,"V6a","TACCTGTTATTCCCTGATTTACATCGATCACAAGTAGCAGCCTCGCGTACGCAACACTACCGCAGTCCTGAATCCTTTCAACCTATGTACGAGGTAAAAGAGCGGGTTGGAGTTACATCCCCCGCGTCGACGCGATGCAACAAC"
"species_08","V6",2,"V6a","TACCTGTTATTCCCTGATTTACATCGATCACAAGTAGCAGCCTCGCGTACGCAACACTACCGCAGTCCTGAATCCTTTCAACCTATGTACGAGGTAAAAGAGCGGGTTGGAGTTACATCCCCCGCGTCGACGCGATGCAACAAC"
"species_08","V6",3,"V6a","TACCTGTTATTCCCTGATTTACATCGATCACAAGTAGCAGCCTCGCGTACGCAACACTACCGCAGTCCTGAATCCTTTCAACCTATGTACGAGGTAAAAGAGCGGGTTGGAGTTACATCCCCCGCGTCGACGCGATGCAACAAC"
"species_01","V7",1,"V7a","ACTCCTAATCAACAGTTGTGACTCTTAGGCATAATGCCTCCCTTCCCAGGAAACTCAATGCCCGCCAGTCCGAGGGTTGCCTTAGGATTAGCATGACTGACGCGAATGCGCCTGGTGGCCCTGTTTTGATACCGCAGTCTTTAGCTGACGG"
"species_01","V7",2,"V7a","ACTCCTAATCAACAGTTGTGACTCTTAGGCATAATGCCTCCCTTCCCAGGAAACTCAATGCCCGCCAGTCCGAGGGTTGCCTTAGGATTAGCATGACTGACGCGAATGCGCCTGGTGGCCCTGTTTTGATACCGCAGTCTTTAGCTGACGG"
"species_01","V7",3,"V7a","ACTCCTAATCAACAGTTGTGACTCTTAGGCATAATGCCTCCCTTCCCAGGAAACTCAATGCCCGCCAGTCCGAGGGTTGCCTTAGGATTAGCATGACTGACGCGAATGCGCCTGGTGGCCCTGTTTTGATACCGCAGTCTTTAGCTGACGG"
"species_02","V7",1,"V7a","ACTCCTAATCAACAGTTGTGACTCTTAGGCATAATGCCTCCCTTCCCAGGAAACTCAATGCCCGCCAGTCCGAGGGTTGCCTTAGGATTAGCATGACTGACGCGAATGCGCCTGGTGGCCCTGTTTTGATACCGCAGTCTTTAGCTGACGG"
"species_02","V7",2,"V7d","ACTCCTAATCAACAGTTGTGACTCTTAGGCATAATGCCTCCCTTCCCAGGAAACTCAATGCCCGCCAGTCCGAGGGTTGCCTTAGGATTAGCATGACTGACGCGAATGCGCCTGGTGGCCCTGTTTTAATACCGCAGTCTTTAGCTGACGG"
"species_02","V7",3,"V7a","ACTCCTAATCAACAGTTGTGACTCTTAGGCATAATGCCTCCCTTCCCAGGAAACTCAATGCCCGCCAGTCCGAGGGTTGCCTTAGGATTAGCATGACTGACGCGAATGCGCCTGGTGGCCCTGTTTTGATACCGCAGTCTTTAGCTGACGG"
"species_02","V7",4,"V7a","ACTCCTAATCAACAGTTGTGACTCTTAGGCATAATGCCTCCCTTCCCAGGAAACTCAATGCCCGCCAGTCCGAGGGTTGCCTTAGGATTAGCATGACTGACGCGAATGCGCCTGGTGGCCCTGTTTTGATACCGCAGTCTTTAGCTGACGG"
"species_02","V7",5,"V7a","ACTCCTAATCAACAGTTGTGACTCTTAGGCATAATGCCTCCCTTCCCAGGAAACTCAATGCCCGCCAGTCCGAGGGTTGCCTTAGGATTAGCATGACTGACGCGAATGCGCCTGGTGGCCCTGTTTTGATACCGCAGTCTTTAGCTGACGG"
"species_03","V7",1,"V7b","ACTCCTAATCAACAGTTGTGACTCTTAGGCAGAATGTCTCCCTTCCCAGGAAACTCAATGGCCGCCAGTCCGAGGGTTGCCTTAGGATTAGCATGACTGACGCGAATGCGCCTGGTGGCCCTGTTTTGATACCGCAGTCTTTAGCTGACGG"
"species_03","V7",2,"V7b","ACTCCTAATCAACAGTTGTGACTCTTAGGCAGAATGTCTCCCTTCCCAGGAAACTCAATGGCCGCCAGTCCGAGGGTTGCCTTAGGATTAGCATGACTGACGCGAATGCGCCTGGTGGCCCTGTTTTGATACCGCAGTCTTTAGCTGACGG"
"species_03","V7",3,"V7b","ACTCCTAATCAACAGTTGTGACTCTTAGGCAGAATGTCTCCCTTCCCAGGAAACTCAATGGCCGCCAGTCCGAGGGTTGCCTTAGGATTAGCATGACTGACGCGAATGCGCCTGGTGGCCCTGTTTTGATACCGCAGTCTTTAGCTGACGG"
"species_03","V7",4,"V7d","ACTCCTAATCAACAGTTGTGACTCTTAGGCAGAATGTCTCCCTTCCCAGGAAACTCAATGGCCGCCAGTCCGAGGGTTGCCTTAGGATTAGCATGACTGACGCGAATGCGCCTGGTGGCCCTGTTTTGATACCGCAGACTTTAGCTGACGG"
"species_03","V7",5,"V7b","ACTCCTAATCAACAGTTGTGACTCTTAGGCAGAATGTCTCCCTTCCCAGGAAACTCAATGGCCGCCAGTCCGAGGGTTGCCTTAGGATTAGCATGACTGACGCGAATGCGCCTGGTGGCCCTGTTTTGATACCGCAGTCTTTAGCTGACGG"
"species_03","V7",6,"V7b","ACTCCTAATCAACAGTTGTGACTCTTAGGCAGAATGTCTCCCTTCCCAGGAAACTCAATGGCCGCCAGTCCGAGGGTTGCCTTAGGATTAGCATGACTGACGCGAATGCGCCTGGTGGCCCTGTTTTGATACCGCAGTCTTTAGCTGACGG"
"species_04","V7",1,"V7b","ACTCCTAATCAACAGTTGTGACTCTTAGGCAGAATGTCTCCCTTCCCAGGAAACTCAATGGCCGCCAGTCCGAGGGTTGCCTTAGGATTAGCATGACTGACGCGAATGCGCCTGGTGGCCCTGTTTTGATACCGCAGTCTTTAGCTGACGG"
"species_04","V7",2,"V7b","ACTCCTAATCAACAGTTGTGACTCTTAGGCAGAATGTCTCCCTTCCCAGGAAACTCAATGGCCGCCAGTCCGAGGGTTGCCTTAGGATTAGCATGACTGACGCGAATGCGCCTGGTGGCCCTGTTTTGATACCGCAGTCTTTAGCTGACGG"
"species_04","V7",3,"V7d","GCTCCTAATCAACAGTTGTGACTCTTAGGCAGAATGTCTCCCATCCCAGGAAACTCAATGGCCGCCAGTCCGAGGGTTGCCATAGGATTAGCATGCCTGACGCGAATGCGCCTGGTGGCCCTGTTTTGATACCGCAGTCTTTAGCTGACGG"
"species_04","V7",4,"V7c","ACTCCTAATCAACAGTTGTGACTCTTAGGCAGAATGTCCCCCTTCCCAGGAAACTCAATGGCCGCCAATCCGAGGGTTGCCTTAGTATTAGCATGACTGACGCGAATGAGCCTGGTGGCCCTGTTTTGATACCGCAGTCTTTAGCTGACGG"
"species_04","V7",5,"V7b","ACTCCTAATCAACAGTTGTGACTCTTAGGCAGAATGTCTCCCTTCCCAGGAAACTCAATGGCCGCCAGTCCGAGGGTTGCCTTAGGATTAGCATGACTGACGCGAATGCGCCTGGTGGCCCTGTTTTGATACCGCAGTCTTTAGCTGACGG"
"species_04","V7",6,"V7b","ACTCCTAATCAACAGTTGTGACTCTTAGGCAGAATGTCTCCCTTCCCAGGAAACTCAATGGCCGCCAGTCCGAGGGTTGCCTTAGGATTAGCATGACTGACGCGAATGCGCCTGGTGGCCCTGTTTTGATACCGCAGTCTTTAGCTGACGG"
"species_05","V7",1,"V7a","ACTCCTAATCAACAGTTGTGACTCTTAGGCATAATGCCTCCCTTCCCAGGAAACTCAATGCCCGCCAGTCCGAGGGTTGCCTTAGGATTAGCATGACTGACGCGAATGCGCCTGGTGGCCCTGTTTTGATACCGCAGTCTTTAGCTGACGG"
"species_05","V7",2,"V7d","ACTCCTAATCAACAGTTGTGACTCTTAGGCATAATGCCTCCCTTCCCAGGAAACTCAATGCCCGCCAGTCCGAGGGTTGCCTTAGGATTAGCATGACCGACGCGAATACGCCTGGTGGCCCTGTTTTGATACCGCAGTCTTTAGCTGACGG"
"species_05","V7",3,"V7a","ACTCCTAATCAACAGTTGTGACTCTTAGGCATAATGCCTCCCTTCCCAGGAAACTCAATGCCCGCCAGTCCGAGGGTTGCCTTAGGATTAGCATGACTGACGCGAATGCGCCTGGTGGCCCTGTTTTGATACCGCAGTCTTTAGCTGACGG"
"species_05","V7",4,"V7d","ACTCCTAATCAACAGTTGTGACTCTTAGGCATAATGCCTCCCTTCCCAGGAAACTCAATGCCCGCCAGGCCGAGGGTTGCCTTAGGATTAGCATGACTGACGCGAATGCGCCTGGTGGCCCTGTTTTGATACCGCAGTCTTTAGCTGACGG"
"species_05","V7",5,"V7a","ACTCCTAATCAACAGTTGTGACTCTTAGGCATAATGCCTCCCTTCCCAGGAAACTCAATGCCCGCCAGTCCGAGGGTTGCCTTAGGATTAGCATGACTGACGCGAATGCGCCTGGTGGCCCTGTTTTGATACCGCAGTCTTTAGCTGACGG"
"species_06","V7",1,"V7a","ACTCCTAATCAACAGTTGTGACTCTTAGGCATAATGCCTCCCTTCCCAGGAAACTCAATGCCCGCCAGTCCGAGGGTTGCCTTAGGATTAGCATGACTGACGCGAATGCGCCTGGTGGCCCTGTTTTGATACCGCAGTCTTTAGCTGACGG"
"species_06","V7",2,"V7a","ACTCCTAATCAACAGTTGTGACTCTTAGGCATAATGCCTCCCTTCCCAGGAAACTCAATGCCCGCCAGTCCGAGGGTTGCCTTAGGATTAGCATGACTGACGCGAATGCGCCTGGTGGCCCTGTTTTGATACCGCAGTCTTTAGCTGACGG"
"species_06","V7",3,"V7d","ACTCCTAATCAACAGTTGTGACTCTTAGGCATAATGCCTCCCTTCCCAGGAAACTCAATGCCCGCCAGTCCGAGGGTTGCCTTAGGATTAGCATGACTGACGCGAATGCGCCTGGTGGCCCTGTTTTGATACCGCAGTCTCTAGCTGACGG"
"species_07","V7",1,"V7a","ACTCCTAATCAACAGTTGTGACTCTTAGGCATAATGCCTCCCTTCCCAGGAAACTCAATGCCCGCCAGTCCGAGGGTTGCCTTAGGATTAGCATGACTGACGCGAATGCGCCTGGTGGCCCTGTTTTGATACCGCAGTCTTTAGCTGACGG"
"species_07","V7",2,"V7a","ACTCCTAATCAACAGTTGTGACTCTTAGGCATAATGCCTCCCTTCCCAGGAAACTCAATGCCCGCCAGTCCGAGGGTTGCCTTAGGATTAGCATGACTGACGCGAATGCGCCTGGTGGCCCTGTTTTGATACCGCAGTCTTTAGCTGACGG"
"species_07","V7",3,"V7a","ACTCCTAATCAACAGTTGTGACTCTTAGGCATAATGCCTCCCTTCCCAGGAAACTCAATGCCCGCCAGTCCGAGGGTTGCCTTAGGATTAGCATGACTGACGCGAATGCGCCTGGTGGCCCTGTTTTGATACCGCAGTCTTTAGCTGACGG"
"species_07","V7",4,"V7d","ACTCCTCATCAACAGTTGTGACTCTTAGGCATAATGCCTCCCTTCCCAGGAAACTCAATGCCCGCCAGTCCGAGGGTTGCCTTAGGATTAGCATGACTGACGCGAAAGCGCCTGGTGGCCCTGTTTTGATACCGCAGTCTTTAGCTGACGG"
"species_08","V7",1,"V7b","ACTCCTAATCAACAGTTGTGACTCTTAGGCAGAATGTCTCCCTTCCCAGGAAACTCAATGGCCGCCAGTCCGAGGGTTGCCTTAGGATTAGCATGACTGACGCGAATGCGCCTGGTGGCCCTGTTTTGATACCGCAGTCTTTAGCTGACGG"
"species_08","V7",2,"V7d","AGTCCTAATCAACAGTTGTGACTCTTAGGCAGAATGTATCCCTTCCCAGGAAACTCAATGGCCGCCAGTCCGAGGGTTGCCTCAGGATTAGCATGACTGACGCGAATGCGCCTGGTGGCCCTGTTTTGATACCGGAGTCTTTAGCTGACGG"
"species_08","V7",3,"V7b","ACTCCTAATCAACAGTTGTGACTCTTAGGCAGAATGTCTCCCTTCCCAGGAAACTCAATGGCCGCCAGTCCGAGGGTTGCCTTAGGATTAGCATGACTGACGCGAATGCGCCTGGTGGCCCTGTTTTGATACCGCAGTCTTTAGCTGACGG"
"species_01","V8",1,"V8b","ACTTGCGTGTAATGTACGGCTCCGGTATTCGGCGCAAAGTACCTTGGCCTATATAAGGTCTAAGCAATGTTATGTCCAGACCGGCGAAACTTCTCAGTCAGAGCTTGTGGATTGATTCCCATATTGGTGCGCCGCTCTTCAAGTTTTGTACCATTCAGATAAGGTTGCAGAAGGCTCAACTTGTTCCCCTGT"
"species_01","V8",2,"V8b","ACTTGCGTGTAATGTACGGCTCCGGTATTCGGCGCAAAGTACCTTGGCCTATATAAGGTCTAAGCAATGTTATGTCCAGACCGGCGAAACTTCTCAGTCAGAGCTTGTGGATTGATTCCCATATTGGTGCGCCGCTCTTCAAGTTTTGTACCATTCAGATAAGGTTGCAGAAGGCTCAACTTGTTCCCCTGT"
"species_01","V8",3,"V8b","ACTTGCGTGTAATGTACGGCTCCGGTATTCGGCGCAAAGTACCTTGGCCTATATAAGGTCTAAGCAATGTTATGTCCAGACCGGCGAAACTTCTCAGTCAGAGCTTGTGGATTGATTCCCATATTGGTGCGCCGCTCTTCAAGTTTTGTACCATTCAGATAAGGTTGCAGAAGGCTCAACTTGTTCCCCTGT"
"species_02","V8",1,"V8b","ACTTGCGTGTAATGTACGGCTCCGGTATTCGGCGCAAAGTACCTTGGCCTATATAAGGTCTAAGCAATGTTATGTCCAGACCGGCGAAACTTCTCAGTCAGAGCTTGTGGATTGATTCCCATATTGGTGCGCCGCTCTTCAAGTTTTGTACCATTCAGATAAGGTTGCAGAAGGCTCAACTTGTTCCCCTGT"
"species_02","V8",2,"V8b","ACTTGCGTGTAATGTACGGCTCCGGTATTCGGCGCAAAGTACCTTGGCCTATATAAGGTCTAAGCAATGTTATGTCCAGACCGGCGAAACTTCTCAGTCAGAGCTTGTGGATTGATTCCCATATTGGTGCGCCGCTCTTCAAGTTTTGTACCATTCAGATAAGGTTGCAGAAGGCTCAACTTGTTCCCCTGT"
"species_02","V8",3,"V8d","ACTTGCGTGTAATGTACGGCTCCGGTATTCCGCGCAAAGTACCTTGGCCTATATAAGGTCTAAGCAATGTTATGTCCAGACCGGCGAAACTTCTCAGTCAGAGCTTGTGGATTGATTCCCATATTGGTGCACCGCTCTTCAAGTTTTGTACCATTCAGATAAGGTTGCAGAAGGCTCAACTTGTTCCCCTGT"
"species_02","V8",4,"V8b","ACTTGCGTGTAATGTACGGCTCCGGTATTCGGCGCAAAGTACCTTGGCCTATATAAGGTCTAAGCAATGTTATGTCCAGACCGGCGAAACTTCTCAGTCAGAGCTTGTGGATTGATTCCCATATTGGTGCGCCGCTCTTCAAGTTTTGTACCATTCAGATAAGGTTGCAGAAGGCTCAACTTGTTCCCCTGT"
"species_02","V8",5,"V8d","ACTTGCGTGTAATGTACGGCTCCGGTATTCGGAGCAAAGTACCTTGGCCTATATAAGGTCTAAGTAATGTTATGTCCAGACCGGCGAAACTTCTCAGTCAGAGCTTGTGGATTGATTCCCATATTGGTGCGCCGCTCTTCAAGTTTTGTACCATTCAGATAAGGTTGCAGAAGGCTCAACTTGTTCCCCTGT"
"species_03","V8",1,"V8d","ACTTGCGTGTAATGTACGGCTCCCGTATTCGGCGCAAAGTACCTTGGCCTATATAAGGTCTAAGCAATGTTATGTTCAGACCCGCGAAACTTTTCAGTAAGAGCTTGTGGATTGATTCCCATATTGGTGCGCCGCTCTTCAAGTTTTGTACCATTCAGATAAGGTTGCAGAAGGCTCAACTTGTTCCCCTGT"
"species_03","V8",2,"V8d","ACTTGCGTGTAATGTACGGCTCCGGTATTCGGCGCAAAGTACCTTGGCCTATATAAGGTCTAAGCAATGTTATGTCCAGACCCGCGAAACTTTTCAGTAATAGCTTGTGGATTGATTCCCATATTGGTGCGCCGCTCTTCAAGTTTTGTACCATTCAGATAAGGTTGCAGAAGGCTCAACTTGTTCCGCTGT"
"species_03","V8",3,"V8a","ACTTGCGTGTAATGTACGGCTCCGGTATTCGGCGCAAAGTACCTTGGCCTATATAAGGTCTAAGCAATGTTATGTCCAGACCCGCGAAACTTTTCAGTAAGAGCTTGTGGATTGATTCCCATATTGGTGCGCCGCTCTTCAAGTTTTGTACCATTCAGATAAGGTTGCAGAAGGCTCAACTTGTTCCCCTGT"
"species_03","V8",4,"V8a","ACTTGCGTGTAATGTACGGCTCCGGTATTCGGCGCAAAGTACCTTGGCCTATATAAGGTCTAAGCAATGTTATGTCCAGACCCGCGAAACTTTTCAGTAAGAGCTTGTGGATTGATTCCCATATTGGTGCGCCGCTCTTCAAGTTTTGTACCATTCAGATAAGGTTGCAGAAGGCTCAACTTGTTCCCCTGT"
"species_03","V8",5,"V8d","ACTTGCGTGTAATGTACGGCTCCGGTATTCGGCGCAAAGTACCTTGGCCTATATAAGGTCTAAGCAATGTTATGTCCAGACCCGCGAAACGTTTCGGTAAGAGCTTGTGGATTGATTCCCATATTGGTGCGCCGCTCTTCAAGTTTTGTACCATTCAGAAAAGGTTGCAGAAGGCTCAACTTGTTCCCCTGT"
"species_03","V8",6,"V8d","ACTTGCGTGTAATGTACGGCTCCGGTATTCGGCGGAAAGTACCTTGGCCTATATAAGGTCTAAGCAATGTTATGTCCAGACCCGCGAAACTTTTCGGTAAGAGCTTGTGGATTGATTCCCATATTGGTGCGCCGCTCTTCAAGTTTTGTACCATTCAGATAAGGTTGCAGAAGACTCAACTTGTTCCCCTGT"
"species_04","V8",1,"V8a","ACTTGCGTGTAATGTACGGCTCCGGTATTCGGCGCAAAGTACCTTGGCCTATATAAGGTCTAAGCAATGTTATGTCCAGACCCGCGAAACTTTTCAGTAAGAGCTTGTGGATTGATTCCCATATTGGTGCGCCGCTCTTCAAGTTTTGTACCATTCAGATAAGGTTGCAGAAGGCTCAACTTGTTCCCCTGT"
"species_04","V8",2,"V8d","ACTTGCGTGTAATGTACGGCTCCGGTATTCGGCGCAAAGTACCTTGGCCTATATAAGGTCTAAGCAATGTTAAGTCCAGACCCGCGAAACTTTTCAGTAAGAGCTTGTGGATTGATTCCCATATTGGTGCGCCGCCCTTCAAGTTTTGTACCATTCAGATAAGGTTGCAGAAGGCTCAACTTGTTCCCCTCT"
"species_04","V8",3,"V8a","ACTTGCGTGTAATGTACGGCTCCGGTATTCGGCGCAAAGTACCTTGGCCTATATAAGGTCTAAGCAATGTTATGTCCAGACCCGCGAAACTTTTCAGTAAGAGCTTGTGGATTGATTCCCATATTGGTGCGCCGCTCTTCAAGTTTTGTACCATTCAGATAAGGTTGCAGAAGGCTCAACTTGTTCCCCTGT"
"species_04","V8",4,"V8a","ACTTGCGTGTAATGTACGGCTCCGGTATTCGGCGCAAAGTACCTTGGCCTATATAAGGTCTAAGCAATGTTATGTCCAGACCCGCGAAACTTTTCAGTAAGAGCTTGTGGATTGATTCCCATATTGGTGCGCCGCTCTTCAAGTTTTGTACCATTCAGATAAGGTTGCAGAAGGCTCAACTTGTTCCCCTGT"
"species_04","V8",5,"V8a","ACTTGCGTGTAATGTACGGCTCCGGTATTCGGCGCAAAGTACCTTGGCCTATATAAGGTCTAAGCAATGTTATGTCCAGACCCGCGAAACTTTTCAGTAAGAGCTTGTGGATTGATTCCCATATTGGTGCGCCGCTCTTCAAGTTTTGTACCATTCAGATAAGGTTGCAGAAGGCTCAACTTGTTCCCCTGT"
"species_04","V8",6,"V8a","ACTTGCGTGTAATGTACGGCTCCGGTATTCGGCGCAAAGTACCTTGGCCTATATAAGGTCTAAGCAATGTTATGTCCAGACCCGCGAAACTTTTCAGTAAGAGCTTGTGGATTGATTCCCATATTGGTGCGCCGCTCTTCAAGTTTTGTACCATTCAGATAAGGTTGCAGAAGGCTCAACTTGTTCCCCTGT"
"species_05","V8",1,"V8c","ACTTGCGTGTAATGTACGGCTCCGGTATTCGGCGCAAAGTACCTTGGCCTATATAAGGTCTAAGCAATGTTATGTCCAGACCCGCGAAACTTATCAGTTAGAGCTTGTGGATTGATTCCCATATTGGTGCGCCGCTCTTCAAGTTTTGTACCATTCAGATAAGGTTGCAGAAGGCTCAACTTGTTCCCCTGT"
"species_05","V8",2,"V8c","ACTTGCGTGTAATGTACGGCTCCGGTATTCGGCGCAAAGTACCTTGGCCTATATAAGGTCTAAGCAATGTTATGTCCAGACCCGCGAAACTTATCAGTTAGAGCTTGTGGATTGATTCCCATATTGGTGCGCCGCTCTTCAAGTTTTGTACCATTCAGATAAGGTTGCAGAAGGCTCAACTTGTTCCCCTGT"
"species_05","V8",3,"V8d","ACTTGCGTGTAAAGTACGGCTCCGGTATTCGGCGCAAAGTACATTGGCCTATATAAGGTCTAAGCAATGTTATGTCCAGACCCGCGAAACTTATCAGTTAGAGCTTGTGGATTGATTCCCATATTGGTGCGCCGCTCTTCAAGTTTTATACCATTCAGATAAGGGTGCAGAAGGCTCAACTTGTACCCCTGT"
"species_05","V8",4,"V8c","ACTTGCGTGTAATGTACGGCTCCGGTATTCGGCGCAAAGTACCTTGGCCTATATAAGGTCTAAGCAATGTTATGTCCAGACCCGCGAAACTTATCAGTTAGAGCTTGTGGATTGATTCCCATATTGGTGCGCCGCTCTTCAAGTTTTGTACCATTCAGATAAGGTTGCAGAAGGCTCAACTTGTTCCCCTGT"
"species_05","V8",5,"V8d","ACTTCCGTATAATGTACGGCTCCGGTATTCGGCGCAAAGTACCTTGGCCTATATAAGGTCTAAGCAATGTTATGTCCACACCCGCGAAACTTATCAGTTCGAGCTTGTGGATTGATTCCCATATTGGTGCGCCGCTCTTCAAGTTTTGTACCATTCAGATATGGTTGCAGAAGGCTCAACTTGTTCCCCTGT"
"species_06","V8",1,"V8c","ACTTGCGTGTAATGTACGGCTCCGGTATTCGGCGCAAAGTACCTTGGCCTATATAAGGTCTAAGCAATGTTATGTCCAGACCCGCGAAACTTATCAGTTAGAGCTTGTGGATTGATTCCCATATTGGTGCGCCGCTCTTCAAGTTTTGTACCATTCAGATAAGGTTGCAGAAGGCTCAACTTGTTCCCCTGT"
"species_06","V8",2,"V8c","ACTTGCGTGTAATGTACGGCTCCGGTATTCGGCGCAAAGTACCTTGGCCTATATAAGGTCTAAGCAATGTTATGTCCAGACCCGCGAAACTTATCAGTTAGAGCTTGTGGATTGATTCCCATATTGGTGCGCCGCTCTTCAAGTTTTGTACCATTCAGATAAGGTTGCAGAAGGCTCAACTTGTTCCCCTGT"
"species_06","V8",3,"V8c","ACTTGCGTGTAATGTACGGCTCCGGTATTCGGCGCAAAGTACCTTGGCCTATATAAGGTCTAAGCAATGTTATGTCCAGACCCGCGAAACTTATCAGTTAGAGCTTGTGGATTGATTCCCATATTGGTGCGCCGCTCTTCAAGTTTTGTACCATTCAGATAAGGTTGCAGAAGGCTCAACTTGTTCCCCTGT"
"species_07","V8",1,"V8b","ACTTGCGTGTAATGTACGGCTCCGGTATTCGGCGCAAAGTACCTTGGCCTATATAAGGTCTAAGCAATGTTATGTCCAGACCGGCGAAACTTCTCAGTCAGAGCTTGTGGATTGATTCCCATATTGGTGCGCCGCTCTTCAAGTTTTGTACCATTCAGATAAGGTTGCAGAAGGCTCAACTTGTTCCCCTGT"
"species_07","V8",2,"V8b","ACTTGCGTGTAATGTACGGCTCCGGTATTCGGCGCAAAGTACCTTGGCCTATATAAGGTCTAAGCAATGTTATGTCCAGACCGGCGAAACTTCTCAGTCAGAGCTTGTGGATTGATTCCCATATTGGTGCGCCGCTCTTCAAGTTTTGTACCATTCAGATAAGGTTGCAGAAGGCTCAACTTGTTCCCCTGT"
"species_07","V8",3,"V8d","ACTTGCGTGTAATGTACGGCTCCGGTATTCGGCGCAAAGTACCTTGGCCTATATAAGGTCCAAGCAATGTTATGTCCAGACCGGCGAAACTTCTCAGTCAGAGCTTGTGGATTGATTCCCATATTGGTGCCCCGCTCTTAAAGTTTTGTACCATTCAGATAAGGTTGCAGAAGGCTCAACTTGTTCCCCTGT"
"species_07","V8",4,"V8b","ACTTGCGTGTAATGTACGGCTCCGGTATTCGGCGCAAAGTACCTTGGCCTATATAAGGTCTAAGCAATGTTATGTCCAGACCGGCGAAACTTCTCAGTCAGAGCTTGTGGATTGATTCCCATATTGGTGCGCCGCTCTTCAAGTTTTGTACCATTCAGATAAGGTTGCAGAAGGCTCAACTTGTTCCCCTGT"
"species_08","V8",1,"V8a","ACTTGCGTGTAATGTACGGCTCCGGTATTCGGCGCAAAGTACCTTGGCCTATATAAGGTCTAAGCAATGTTATGTCCAGACCCGCGAAACTTTTCAGTAAGAGCTTGTGGATTGATTCCCATATTGGTGCGCCGCTCTTCAAGTTTTGTACCATTCAGATAAGGTTGCAGAAGGCTCAACTTGTTCCCCTGT"
"species_08","V8",2,"V8a","ACTTGCGTGTAATGTACGGCTCCGGTATTCGGCGCAAAGTACCTTGGCCTATATAAGGTCTAAGCAATGTTATGTCCAGACCCGCGAAACTTTTCAGTAAGAGCTTGTGGATTGATTCCCATATTGGTGCGCCGCTCTTCAAGTTTTGTACCATTCAGATAAGGTTGCAGAAGGCTCAACTTGTTCCCCTGT"
"species_08","V8",3,"V8d","ACTTGCGTGTAATGTACGGCTCCGGTATTCGGCGCAAAGTACCTTGGCCTATATAAGGTCTTAGCAATGTTATGTCCAGACCCGCGAAACTTTTCAGTAAGAGCTTGTGGATTGATTCCCATATTGGTGCGCCGCTCTTCAAGTTTTGTACCATTCAGATAAGGTTGCAGAAGGCTCAACTTGTTCCCCTGT"
"species_01","V9",1,"V9d","TCAGATAGTAGGTGCACTCGTCAGGCCAAGTCTGTCGAGAGTACCGAAATCATTCGCGCCGTCGAATGACGGGTTTTTGAATAGCATACAACTATC"
"species_01","V9",2,"V9a","TCAGATAGTAGGTGCACTCGTCAGGCCAAGTCTGTCGAGAGTACCGAAATCATTCGCGCCGTCGAATGACGGGTTTTTGAATAGCATAAAACTATC"
"species_01","V9",3,"V9a","TCAGATAGTAGGTGCACTCGTCAGGCCAAGTCTGTCGAGAGTACCGAAATCATTCGCGCCGTCGAATGACGGGTTTTTGAATAGCATAAAACTATC"
"species_02","V9",1,"V9c","TCAGATAGTAGGTGCACTCGTCAAGCCAAGTCTGTCGAGAGTACCCAAATCATTCGCGCCGTCGAATGACGGGTTTTTGAATAGCATAAAACTATC"
"species_02","V9",2,"V9a","TCAGATAGTAGGTGCACTCGTCAGGCCAAGTCTGTCGAGAGTACCGAAATCATTCGCGCCGTCGAATGACGGGTTTTTGAATAGCATAAAACTATC"
"species_02","V9",3,"V9a","TCAGATAGTAGGTGCACTCGTCAGGCCAAGTCTGTCGAGAGTACCGAAATCATTCGCGCCGTCGAATGACGGGTTTTTGAATAGCATAAAACTATC"
"species_02","V9",4,"V9a","TCAGATAGTAGGTGCACTCGTCAGGCCAAGTCTGTCGAGAGTACCGAAATCATTCGCGCCGTCGAATGACGGGTTTTTGAATAGCATAAAACTATC"
"species_02","V9",5,"V9a","TCAGATAGTAGGTGCACTCGTCAGGCCAAGTCTGTCGAGAGTACCGAAATCATTCGCGCCGTCGAATGACGGGTTTTTGAATAGCATAAAACTATC"
"species_03","V9",1,"V9a","TCAGATAGTAGGTGCACTCGTCAGGCCAAGTCTGTCGAGAGTACCGAAATCATTCGCGCCGTCGAATGACGGGTTTTTGAATAGCATAAAACTATC"
"species_03","V9",2,"V9d","TCAGATAGTAGGTGCACTCGTCAGGCCAAGTCTGTCGAGAGTACCGAAATCATTCGCGCCGTCGAATCACGGGTTTTTGAATAGCATAAAACTATC"
"species_03","V9",3,"V9a","TCAGATAGTAGGTGCACTCGTCAGGCCAAGTCTGTCGAGAGTACCGAAATCATTCGCGCCGTCGAATGACGGGTTTTTGAATAGCATAAAACTATC"
"species_03","V9",4,"V9a","TCAGATAGTAGGTGCACTCGTCAGGCCAAGTCTGTCGAGAGTACCGAAATCATTCGCGCCGTCGAATGACGGGTTTTTGAATAGCATAAAACTATC"
"species_03","V9",5,"V9d","TCAGATAGTAGGTGCACTCGTCAGGCCCAGTCTGTCGAGAGTAGCGCAATCATTCGCGCCGTCGAATGACGGGTTTTTGAATAGCATAAAACTATC"
"species_03","V9",6,"V9a","TCAGATAGTAGGTGCACTCGTCAGGCCAAGTCTGTCGAGAGTACCGAAATCATTCGCGCCGTCGAATGACGGGTTTTTGAATAGCATAAAACTATC"
"species_04","V9",1,"V9b","TCAGATAGTAGGTGCACTCGTAAGGCCAAGTCTGTCGAGAGTACCGAAATCATTCGCGCCGTCGAATGACGGGTTTTTGAATAGCATAAAACTATC"
"species_04","V9",2,"V9d","TCAGATAGTAGGTGCACTCGTCAGGCCAAGTCTGTCGAGAGTACCGAAATCATTCGCGCCGTCGAATGACGGGTTTTTTAATAGCATAAAACTATC"
"species_04","V9",3,"V9a","TCAGATAGTAGGTGCACTCGTCAGGCCAAGTCTGTCGAGAGTACCGAAATCATTCGCGCCGTCGAATGACGGGTTTTTGAATAGCATAAAACTATC"
"species_04","V9",4,"V9d","TCAGATAGTAGGTGCACTCGTCAGGACAAGTCTGTCGAGAGTACCGAAATCATTCGCGCCGTCGAATGACGGGTTTTTGAATAGCATAAAACTATC"
"species_04","V9",5,"V9a","TCAGATAGTAGGTGCACTCGTCAGGCCAAGTCTGTCGAGAGTACCGAAATCATTCGCGCCGTCGAATGACGGGTTTTTGAATAGCATAAAACTATC"
"species_04","V9",6,"V9a","TCAGATAGTAGGTGCACTCGTCAGGCCAAGTCTGTCGAGAGTACCGAAATCATTCGCGCCGTCGAATGACGGGTTTTTGAATAGCATAAAACTATC"
"species_05","V9",1,"V9a","TCAGATAGTAGGTGCACTCGTCAGGCCAAGTCTGTCGAGAGTACCGAAATCATTCGCGCCGTCGAATGACGGGTTTTTGAATAGCATAAAACTATC"
"species_05","V9",2,"V9d","TCAGATAGTAGGTGCACTCGTCAGTCCAAGTCTGTCGAGAGTACCGAAATCATTCGCGCCGTCGAATGACGGGTTTTTGAATAGCATAAAACCATC"
"species_05","V9",3,"V9a","TCAGATAGTAGGTGCACTCGTCAGGCCAAGTCTGTCGAGAGTACCGAAATCATTCGCGCCGTCGAATGACGGGTTTTTGAATAGCATAAAACTATC"
"species_05","V9",4,"V9d","TCAGATAGTATGTGCACTCGTCAGGCCAAGTCTGTCGAGAGTACCGAAATCATTCGCGCCGTCGAATGACGGGTTTTTGAATAGCATAAAACGATC"
"species_05","V9",5,"V9d","TCTGATAGTAGGTGCACTCGTCAGGCCAAGTCTGTCGAGAGTACTGAAATCATTCGCGCCGTCGAATGACGGGTTTTTGAATAGCATAAAACTATC"
"species_06","V9",1,"V9a","TCAGATAGTAGGTGCACTCGTCAGGCCAAGTCTGTCGAGAGTACCGAAATCATTCGCGCCGTCGAATGACGGGTTTTTGAATAGCATAAAACTATC"
"species_06","V9",2,"V9a","TCAGATAGTAGGTGCACTCGTCAGGCCAAGTCTGTCGAGAGTACCGAAATCATTCGCGCCGTCGAATGACGGGTTTTTGAATAGCATAAAACTATC"
"species_06","V9",3,"V9a","TCAGATAGTAGGTGCACTCGTCAGGCCAAGTCTGTCGAGAGTACCGAAATCATTCGCGCCGTCGAATGACGGGTTTTTGAATAGCATAAAACTATC"
"species_07","V9",1,"V9a","TCAGATAGTAGGTGCACTCGTCAGGCCAAGTCTGTCGAGAGTACCGAAATCATTCGCGCCGTCGAATGACGGGTTTTTGAATAGCATAAAACTATC"
"species_07","V9",2,"V9d","TCAGATAGTAGGTGCACTCGTCAGGCCAAGTCTGTCGAGAGTACCGAAATCATTCGCGCCGTCGATTGACGGGTTTTTGAATAGCATAAAACTATC"
"species_07","V9",3,"V9d","TCAGATCGTAGGTGCACTCGTCAGGCCAAGTCTGTCCAGAGTACCGAAATCATTCGCGCCGTCGAATGACGGGTTTTTGAATAGCGTAAAACTATC"
"species_07","V9",4,"V9a","TCAGATAGTAGGTGCACTCGTCAGGCCAAGTCTGTCGAGAGTACCGAAATCATTCGCGCCGTCGAATGACGGGTTTTTGAATAGCATAAAACTATC"
"species_08","V9",1,"V9d","TCAGATAGTAGGTGCACTCGTCAGGCCAAGTCTGTCGAGAGTACCGAAATCATTCGGGCCGTCGAATGACGGGTTTTCGAATAGCATAAAACTATC"
"species_08","V9",2,"V9a","TCAGATAGTAGGTGCACTCGTCAGGCCAAGTCTGTCGAGAGTACCGAAATCATTCGCGCCGTCGAATGACGGGTTTTTGAATAGCATAAAACTATC"
"species_08","V9",3,"V9a","TCAGATAGTAGGTGCACTCGTCAGGCCAAGTCTGTCGAGAGTACCGAAATCATTCGCGCCGTCGAATGACGGGTTTTTGAATAGCATAAAACTATC"
